sample.idRows,sample.id,UniqueID,NBAFNumber,TubeNoFungal,OriginalTubeNumberUnique,BacteriaOriginalSampleIDUnique,BacterialSequencingSample.ID,BacterialNBAFSAMPLEID,BirdID,BTO,FieldRing,TubeNumber,SampleDate,SampleType,SampleType4way,SampleYear,FreezerDate,DateToFreeze,ExtractionDate,Qubit,CatchID,TerritoryIDSampled,BacterialSequenceRunNo,Island,FieldPeriodID,FieldPeriodIDFactor,FieldPeriodIDBinary,BirthDate,SexEstimate,AgeDays,Ageclass,EyeColour,BodyMass,RightTarsus,EggPresent,BroodPatch,Status,TerritoryID,TQcorrected,TQcorrectedWithAvBA,SurvivedNextSeason,SurvivedNextSeasonFactor,CatchTime,MinutesSinceSunrise,Observer,Hs_obs,Both_MHC_present,MHC1_Diversity,MHC1_Diversity_2,Ase.ua1,Ase.ua3,Ase.ua4,Ase.ua5,Ase.ua6,Ase.ua7,Ase.ua8,Ase.ua9,Ase.ua10,Ase.ua11,MHC2_Diversity,MHC2_Diversity_2,Ase.dab1,Ase.dab2,Ase.dab3,Ase.dab4,Ase.dab5,TLR3
Sample_95,Sample_95,Sample.95.FUN219,95,FUN219,219,219,Sample.191.219,191,1762,P885903,BB/AX,219,22/07/2018,F,F,2018,25-Sep-18,65,29/03/2019,0.0928,10422,15,2,CN,167,Major18,Major,10/10/2002,M,5764,A,RB,17.4,26.4,0,0,BrM,15,8842.002065,8842.002065,1,TRUE,16:30,630,TJB,1.326766806,Y,4,16,0,1,0,0,0,1,0,1,0,1,4,16,1,1,0,1,0,AA
Sample_127,Sample_127,Sample.127.FUN277,127,FUN277,277,277,Sample.119.277,119,1826,P885971,VV/AX,277,30/08/2018,F,F,2018,25-Sep-18,26,27/02/2019,1.43,10481,9,2,CN,167,Major18,Major,09/08/2003,F,5500,A,RB,16.3,25.4,0,0,BrF,9,7624.434442,7624.434442,1,TRUE,09:30,210,CD,0.810801937,Y,2,4,0,0,0,1,1,0,0,0,0,0,3,9,1,1,0,0,1,AA
Sample_36,Sample_36,Sample.36.FUN97,36,FUN97,97,97,Sample.85.97,85,3087,R737736,EN/GX,97,07/09/2017,F,F,2017,25-Sep-17,18,26/01/2018,0.024,10223,172,1,CN,164,Major17,Major,28/08/2004,M,4758,A,RB,16.3,25.5,0,0,BrM,27,78017.37569,78017.37569,1,TRUE,11:41,341,TB,1.031929738,Y,7,49,0,1,0,1,0,1,0,1,0,1,2,4,1,1,0,0,0,CC
Sample_168,Sample_168,Sample.168.FUN351,168,FUN351,351,351,Sample.169.351,169,3089,R737738,EL/YX,351,17/09/2018,F,F,2018,25-Sep-18,8,05/04/2019,0.106,10511,86,3,CN,167,Major18,Major,04/11/2004,M,5065,A,RB,17.7,27.1,0,0,BrM,86,2099.71005,2099.71005,1,TRUE,15:45,585,TJB,1.253057539,Y,5,25,0,1,1,0,0,1,0,1,0,1,4,16,1,1,1,1,0,AA
Sample_52,Sample_52,Sample.52.FUN133,52,FUN133,133,133,Sample.117.133,117,4965,R737964,OB/XZ,133,12/09/2017,F,F,2017,25-Sep-17,13,26/01/2018,0.001,10257,127,1,CN,164,Major17,Major,20/10/2006,F,3980,A,RB,14.4,25.2,0,-1,BrF,127,53864.28037,53864.28037,1,TRUE,17:15,675,TB,1.105639005,Y,6,36,0,1,1,1,0,1,0,1,0,1,4,16,1,1,1,1,0,AA
Sample_224,Sample_224,Sample.224.FUN424,224,FUN424,424,424,Sample.32.424,32,5009,R737977,OV/WX,424,14/02/2019,F,F,2019,09-Apr-19,54,20/08/2020,0.143,10740,516,4,CN,171,Minor19,Minor,24/10/2006,F,4496,A,RB,14.1,25.4,0,0,BrF,516,7213.318755,7213.318755,1,TRUE,07:35,95,TJB,1.031929738,NA,NA,NA,NA,NA,NA,NA,NA,NA,NA,NA,NA,NA,NA,NA,NA,NA,NA,NA,NA,AA
Sample_223,Sample_223,Sample.223.FUN424R,223,FUN424R,424R,424R,Sample.231.424R,231,5009,R737977,OV/WX,424,14/02/2019,F,F,2019,09-Apr-19,54,20/08/2020,0.143,10740,516,4,CN,171,Minor19,Minor,24/10/2006,F,4496,A,RB,14.1,25.4,0,0,BrF,516,7213.318755,7213.318755,1,TRUE,07:35,95,TJB,1.031929738,NA,NA,NA,NA,NA,NA,NA,NA,NA,NA,NA,NA,NA,NA,NA,NA,NA,NA,NA,NA,AA
Sample_25,Sample_25,Sample.25.FUN69,25,FUN69,69,69,Sample.60.69,60,5077,V267130,BV/AX,69,22/08/2017,F,F,2017,25-Sep-17,34,23/01/2018,0.0132,10204,174,1,CN,164,Major17,Major,26/04/2007,M,3771,A,RB,15.2,25.5,0,0,BrM,174,77976.58757,77976.58757,1,TRUE,16:49,649,CD,0.73709267,Y,6,36,0,1,0,1,1,1,0,1,0,1,3,9,1,1,1,0,0,AC
Sample_21,Sample_21,Sample.21.FUN62,21,FUN62,62,62,Sample.53.62,53,5291,V267411,NV/GX,62,19/08/2017,F,F,2017,25-Sep-17,37,23/01/2018,0.0576,10208,62,1,CN,164,Major17,Major,23/10/2008,M,3222,A,RB,16.8,26.7,0,0,BrM,62,87182.19661,87182.19661,1,TRUE,15:19,559,CD,1.031929738,Y,2,4,0,0,0,1,1,0,0,0,0,0,4,16,1,1,0,0,1,AC
Sample_26,Sample_26,Sample.26.FUN71,26,FUN71,71,71,Sample.62.71,62,5292,V267412,NV/OX,71,21/08/2017,F,F,2017,25-Sep-17,35,25/01/2018,0.102,10210,90,1,CN,164,Major17,Major,23/11/2008,M,3193,A,RB,17.5,24.8,0,0,BrM,90,66247.97448,66247.97448,1,TRUE,15:48,588,CBC,1.179348272,Y,6,36,1,0,0,1,1,1,1,0,1,0,2,4,1,1,0,0,0,AA
Sample_8,Sample_8,Sample.8.FUN28,8,FUN28,28,28,Sample.23.28,23,5319,V267424,OW/BX,28,22/07/2017,F,F,2017,25-Sep-17,65,23/01/2018,0.0608,10155,63,1,CN,164,Major17,Major,25/03/2009,F,3041,A,RB,15.9,22.9,0,-1,H,63,45367.54628,45367.54628,1,TRUE,09:02,182,CBC,1.179348272,Y,6,36,1,1,0,0,0,1,1,1,0,1,3,9,1,1,0,1,0,AA
Sample_103,Sample_103,Sample.103.FUN233,103,FUN233,233,233,Sample.88.233,88,5543,V267501,GB/UX,233,04/08/2018,F,F,2018,25-Sep-18,52,08/03/2019,0.134,10419,71,2,CN,167,Major18,Major,05/08/2010,F,2921,A,RB,14.7,25.1,0,-1,BrF,71,17438.83791,17438.83791,1,TRUE,08:45,165,TJB,1.326766806,Y,5,25,1,0,0,1,1,1,0,0,1,0,3,9,1,1,0,0,1,AA
Sample_218,Sample_218,Sample.218.FUN418,218,FUN418,418,418,Sample.178.418,178,5545,V267500,EW/X,418,15/02/2019,F,F,2019,09-Apr-19,53,30/06/2020,0.0508,10741,177,4,CN,171,Minor19,Minor,03/08/2010,F,3118,A,RB,NA,24.9,-1,-1,BrF,177,4812.163185,4812.163185,1,TRUE,12:00,360,TC,0.958220471,Y,4,16,0,0,1,1,0,0,0,1,0,1,4,16,1,1,1,1,0,CC
Sample_111,Sample_111,Sample.111.FUN249,111,FUN249,249,249,Sample.164.249,164,5547,V267512,GL/UX,249,20/08/2018,F,F,2018,25-Sep-18,36,22/03/2019,0.08,10460,100,3,CN,167,Major18,Major,14/08/2010,M,2928,A,RB,15.9,25.9,0,0,BrM,100,4398.148489,4398.148489,1,TRUE,09:55,235,CD,0.663383403,Y,6,36,0,1,0,1,1,1,0,1,0,1,2,4,1,1,0,0,0,AC
Sample_151,Sample_151,Sample.151.FUN323,151,FUN323,323,323,Sample.100.323,100,5549,V267503,GO/UX,323,10/09/2018,F,F,2018,25-Sep-18,15,03/05/2019,0.0768,10528,479,2,CN,167,Major18,Major,17/12/2009,F,3189,A,RB,15.1,24.8,0,-1,BrF,479,17837.56272,17837.56272,1,TRUE,09:34,214,TJB,1.400476073,Y,6,36,0,1,0,1,1,1,0,1,0,1,2,4,1,1,0,0,0,AA
Sample_109,Sample_109,Sample.109.FUN245,109,FUN245,245,245,Sample.259.245,259,5559,V267525,RW/UX,245,16/08/2018,F,F,2018,25-Sep-18,40,15/03/2019,0.428,10448,111,3,CN,167,Major18,Major,05/01/2010,M,3145,A,RB,16.8,26.8,0,0,BrM,111,5356.773338,5356.773338,1,TRUE,16:10,610,CD,1.253057539,Y,6,36,1,1,0,0,0,1,1,1,1,0,5,25,1,1,0,1,1,AC
Sample_125,Sample_125,Sample.125.FUN275,125,FUN275,275,275,Sample.25.275,25,5595,V267538,VG/GX,275,30/08/2018,F,F,2018,25-Sep-18,26,05/04/2019,0.0572,10480,9,2,CN,167,Major18,Major,01/03/2011,M,2739,A,RB,15,25.7,0,0,BrM,26,5969.802803,5969.802803,1,TRUE,09:36,216,TJB,0.958220471,Y,6,36,0,1,1,0,0,1,0,1,0,1,3,9,1,1,0,1,0,AC
Sample_90,Sample_90,Sample.90.FUN213,90,FUN213,213,213,Sample.250.213,250,5621,V267542,YY/UX,213,22/07/2018,F,F,2018,25-Sep-18,65,22/03/2019,0.0408,10421,172,3,CN,167,Major18,Major,02/11/2010,F,2819,A,RB,15.1,24.8,0,-1,BrF,172,5998.698847,5998.698847,1,TRUE,14:43,523,TJB,1.326766806,Y,2,4,0,0,0,1,1,0,0,0,0,0,1,1,1,0,0,0,0,AC
Sample_37,Sample_37,Sample.37.FUN98,37,FUN98,98,98,Sample.86.98,86,5624,V267576,BE/KX,98,07/09/2017,F,F,2017,25-Sep-17,18,26/01/2018,0.0512,10222,9,1,CN,164,Major17,Major,21/04/2011,M,2331,A,RB,17.3,27.3,0,0,BrM,9,64756.94723,64756.94723,1,TRUE,10:36,276,CD,1.105639005,Y,6,36,0,1,0,1,1,1,0,1,0,1,2,4,1,1,0,0,0,AC
Sample_113,Sample_113,Sample.113.FUN254,113,FUN254,254,254,Sample.19.254,19,5630,V267580,GR/X,254,22/08/2018,F,F,2018,25-Sep-18,34,16/05/2019,0.361,10455,24,2,CN,167,Major18,Major,01/04/2011,F,2700,A,RB,14.1,24.5,0,-1,BrF,24,6386.185174,6386.185174,1,TRUE,08:36,156,CD,1.179348272,Y,7,49,1,1,0,0,0,1,1,1,1,1,3,9,1,1,0,1,0,AC
Sample_44,Sample_44,Sample.44.FUN117,44,FUN117,117,117,Sample.104.117,104,5634,V267590,YR/KX,117,10/09/2017,F,F,2017,25-Sep-17,15,26/01/2018,20,10240,165,1,CN,164,Major17,Major,14/12/2010,F,2462,A,RB,14.2,24.8,0,-1,BrF,165,29038.84193,29038.84193,0,FALSE,16:37,637,DR,1.031929738,Y,6,36,0,1,0,1,1,1,1,0,1,0,3,9,1,1,0,0,1,AA
Sample_70,Sample_70,Sample.70.FUN167,70,FUN167,167,167,Sample.147.167,147,5635,V267591,YV/KX,167,08/03/2018,F,F,2018,03-Apr-18,26,05/04/2019,0.0732,10375,20,3,CN,166,Minor18,Minor,16/12/2010,F,2639,A,RB,16,24.7,0,-1,BrF,481,59331.80405,59331.80405,1,TRUE,12:07,367,CBC,0.884511204,Y,6,36,0,1,0,1,1,1,1,1,0,0,4,16,1,1,0,0,1,AA
Sample_142,Sample_142,Sample.142.FUN302,142,FUN302,302,302,Sample.35.302,35,5644,V267583,EE/EX,302,04/09/2018,F,F,2018,25-Sep-18,21,29/03/2019,0.0712,10473,128,2,CN,167,Major18,Major,02/05/2011,F,2682,A,RB,14.5,24.3,0,0,BrF,128,19708.39647,19708.39647,1,TRUE,11:04,304,CD,1.105639005,Y,5,25,0,1,1,0,0,1,0,1,0,1,4,16,1,1,1,1,0,AC
Sample_80,Sample_80,Sample.80.FUN193,80,FUN193,193,193,Sample.280.193,280,5657,X784005,RR/KX,193,07/07/2018,F,F,2018,25-Sep-18,80,22/03/2019,0.145,10393,15,3,CN,167,Major18,Major,23/08/2011,F,2510,A,RB,NA,NA,-1,-1,BrF,15,8842.002065,8842.002065,1,TRUE,13:38,458,AVE,0.73709267,Y,2,4,0,0,1,1,0,0,0,0,0,0,3,9,1,1,1,0,0,AC
Sample_82,Sample_82,Sample.82.FUN198,82,FUN198,198,198,Sample.112.198,112,5776,X784040,WB/KX,198,14/07/2018,F,F,2018,25-Sep-18,73,11/04/2019,0.086,10404,55,2,CN,167,Major18,Major,13/06/2011,M,2588,A,RB,16.7,26.1,0,0,BrM,55,16000.94213,16000.94213,1,TRUE,09:32,212,AVE,0.884511204,Y,4,16,0,1,0,0,0,1,0,1,0,1,2,4,1,1,0,0,0,AC
Sample_222,Sample_222,Sample.222.FUN423,222,FUN423,423,423,Sample.17.423,17,5779,X784043,NV/NX,423,12/02/2019,F,F,2019,09-Apr-19,56,18/06/2020,0.11,10742,58,4,CN,171,Minor19,Minor,08/02/2011,M,2926,A,RB,16.7,26.6,0,0,BrM,58,9267.417085,9267.417085,1,TRUE,18:10,730,TC,1.326766806,NA,NA,NA,NA,NA,NA,NA,NA,NA,NA,NA,NA,NA,NA,NA,NA,NA,NA,NA,NA,AC
Sample_55,Sample_55,Sample.55.FUN139,55,FUN139,139,139,Sample.225.139,225,5821,X784066,LL/RX,139,12/02/2018,F,F,2018,03-Apr-18,50,15/03/2019,0.0924,10309,169,3,CN,166,Minor18,Minor,03/03/2012,M,2172,A,RB,16.8,26.1,0,0,BrM,169,61770.93308,61770.93308,1,TRUE,09:01,181,CBC,0.884511204,Y,5,25,1,0,0,1,1,1,0,0,1,0,3,9,1,1,0,0,1,AC
Sample_249,Sample_249,Sample.249.FUN457,249,FUN457,457,457,Sample.222.457,222,5822,X784067,LR/RX,457,05/03/2019,F,F,2019,09-Apr-19,35,24/06/2020,0.166,10781,83,4,CN,171,Minor19,Minor,02/05/2012,M,2498,A,RB,16.6,26.7,0,0,BrM,83,10230.53184,10230.53184,0,FALSE,15:40,580,TC,1.179348272,NA,NA,NA,NA,NA,NA,NA,NA,NA,NA,NA,NA,NA,NA,NA,NA,NA,NA,NA,NA,AA
Sample_162,Sample_162,Sample.162.FUN341,162,FUN341,341,341,Sample.7.341,7,5823,X784068,RY/BX,341,15/09/2018,F,F,2018,25-Sep-18,10,03/05/2019,0.0348,10527,617,2,CN,167,Major18,Major,05/03/2012,F,2385,A,RB,16,25.7,0,0,BrF,617,8004.971558,8004.971558,1,TRUE,11:02,302,TJB,0.958220471,Y,6,36,1,0,0,1,1,1,1,0,1,0,2,4,1,1,0,0,0,AA
Sample_17,Sample_17,Sample.17.FUN54,17,FUN54,54,54,Sample.48.54,48,5833,X784061,VR/RX,54,10/08/2017,F,F,2017,25-Sep-17,46,25/01/2018,0.0152,10183,34,1,CN,164,Major17,Major,17/06/2011,F,2246,A,RB,18.4,25.8,-1,-1,BrF,34,63064.90932,63064.90932,1,TRUE,16:19,619,CD,1.253057539,Y,4,16,0,1,0,0,0,1,0,1,0,1,3,9,1,1,0,1,0,AC
Sample_215,Sample_215,Sample.215.FUN413,215,FUN413,413,413,Sample.112.413,112,5850,X784082,NG/EX,413,09/02/2019,F,F,2019,09-Apr-19,59,15/07/2020,0.611,10724,516,4,CN,171,Minor19,Minor,28/01/2012,M,2569,A,RB,NA,25.3,0,0,BrM,516,7213.318755,7213.318755,1,TRUE,10:50,290,TC,1.179348272,NA,NA,NA,NA,NA,NA,NA,NA,NA,NA,NA,NA,NA,NA,NA,NA,NA,NA,NA,NA,AC
Sample_259,Sample_259,Sample.259.FUN552,259,FUN552,552,552,Sample.140.552,140,5855,X784326,WW/BX,552,05/08/2019,F,F,2019,25-Sep-19,51,15/07/2020,0.0936,10868,53,4,CN,173,Major19,Major,24/08/2012,M,2537,A,RB,NA,25.4,0,0,BrM,53,18628.94,18628.94,1,TRUE,15:30,570,EC,1.179348272,NA,NA,NA,NA,NA,NA,NA,NA,NA,NA,NA,NA,NA,NA,NA,NA,NA,NA,NA,NA,AA
Sample_9,Sample_9,Sample.9.FUN29,9,FUN29,29,29,Sample.24.29,24,5901,L921100,LG/NX,29,22/07/2017,F,F,2017,25-Sep-17,65,23/01/2018,0.162,10156,63,1,CN,164,Major17,Major,05/06/2012,F,1873,A,RB,15.8,24,0,-1,BrF,63,45367.54628,45367.54628,1,TRUE,09:02,182,CBC,0.884511204,Y,5,25,1,0,0,1,1,1,0,0,1,0,3,9,1,1,1,0,0,AA
Sample_182,Sample_182,Sample.182.FUN372,182,FUN372,372,372,Sample.224.372,224,6009,L921035,BN/UX,372,29/01/2019,F,F,2019,09-Apr-19,70,29/06/2020,0.098,10706,154,4,CN,171,Minor19,Minor,26/02/2013,F,2163,A,RB,13.5,24,0,-1,BrF,154,2071.488038,2071.488038,1,TRUE,09:11,191,TJB,0.810801937,Y,5,25,1,0,0,1,1,1,0,0,1,0,3,9,1,1,0,0,1,AA
Sample_49,Sample_49,Sample.49.FUN126,49,FUN126,126,126,Sample.113.126,113,6011,L921037,EG/KX,126,12/09/2017,F,F,2017,25-Sep-17,13,26/01/2018,0.0628,10259,43,1,CN,164,Major17,Major,08/11/2012,M,1769,A,RB,17,25.1,0,0,BrM,43,68848.73364,68848.73364,1,TRUE,07:20,80,TB,1.253057539,Y,6,36,0,1,0,1,1,1,0,1,0,1,2,4,1,1,0,0,0,AC
Sample_134,Sample_134,Sample.134.FUN286,134,FUN286,286,286,Sample.109.286,109,6019,L921043,NL/KX,286,31/08/2018,F,F,2018,25-Sep-18,25,17/05/2019,0.101,10466,618,2,CN,167,Major18,Major,25/11/2012,M,2105,A,RB,15.2,25.4,0,0,BrM,63,11140.89485,11140.89485,1,TRUE,11:45,345,AVE,1.105639005,Y,5,25,0,1,0,1,1,1,0,1,0,0,3,9,1,1,0,0,1,AC
Sample_98,Sample_98,Sample.98.FUN223,98,FUN223,223,223,Sample.240.223,240,6022,L921045,VB/WX,223,25/07/2018,F,F,2018,25-Sep-18,62,27/02/2019,0.169,10426,126,3,CN,167,Major18,Major,24/07/2012,F,2192,A,RB,15.7,24.9,-1,-1,BrF,126,30405.1044,30405.1044,1,TRUE,11:13,313,AVE,0.663383403,Y,5,25,1,0,0,1,1,1,0,0,1,0,3,9,1,1,0,0,1,AA
Sample_122,Sample_122,Sample.122.FUN271,122,FUN271,271,271,Sample.156.271,156,6032,L921056,WL/KX,271,27/08/2018,F,F,2018,25-Sep-18,29,03/05/2019,0.0524,10454,99,3,CN,167,Major18,Major,15/12/2012,M,2081,A,RB,16.8,25.9,0,0,BrM,99,7201.899331,7201.899331,0,FALSE,11:48,348,AVE,0.810801937,Y,6,36,0,1,0,1,1,1,0,1,0,1,2,4,1,1,0,0,0,AC
Sample_144,Sample_144,Sample.144.FUN307,144,FUN307,307,307,Sample.217.307,217,6034,L921053,RE/KX,307,05/09/2018,F,F,2018,25-Sep-18,20,03/05/2019,4.6,10468,616,3,CN,167,Major18,Major,13/12/2012,F,2092,A,RB,14.6,25.4,-1,-1,BrF,616,3832.912019,3832.912019,1,TRUE,15:01,541,CD,1.105639005,Y,5,25,0,1,0,0,0,1,1,1,0,1,2,4,1,1,0,0,0,AA
Sample_133,Sample_133,Sample.133.FUN285,133,FUN285,285,285,Sample.142.285,142,6036,L921059,NB/YX,285,31/08/2018,F,F,2018,25-Sep-18,25,08/03/2019,0.0588,10464,618,3,CN,167,Major18,Major,27/12/2012,F,2073,A,RB,14.5,23.8,0,-1,BrF,618,9718.462169,9718.462169,1,TRUE,11:30,330,CD,1.031929738,Y,6,36,0,1,0,1,0,1,0,1,0,1,2,4,1,1,0,0,0,AC
Sample_48,Sample_48,Sample.48.FUN123,48,FUN123,123,123,Sample.110.123,110,6044,L921065,RO/KX,123,11/09/2017,F,F,2017,25-Sep-17,14,26/01/2018,0.25,10258,85,1,CN,164,Major17,Major,15/05/2013,F,1580,A,RB,16.6,25.6,0,-1,BrF,85,61245.8703,61245.8703,1,TRUE,15:37,577,CD,1.179348272,Y,4,16,0,1,0,0,0,1,0,1,0,1,3,9,1,1,0,1,0,AC
Sample_124,Sample_124,Sample.124.FUN274,124,FUN274,274,274,Sample.195.274,195,6061,X784200,BL/KX,274,29/08/2018,F,F,2018,25-Sep-18,27,17/05/2019,0.0484,10452,100,3,CN,167,Major18,Major,30/01/2013,F,2037,A,RB,14.4,24.6,0,-1,BrF,100,4398.148489,4398.148489,0,FALSE,08:15,135,TJB,1.400476073,Y,6,36,1,0,0,1,1,1,1,0,1,0,3,9,1,1,0,0,1,AC
Sample_293,Sample_293,Sample.293.FUN631,293,FUN631,631,631,Sample.45.631,45,6064,X784102,WV/KX,631,15/09/2019,F,F,2019,25-Sep-19,10,10/06/2020,0.238,10897,662,4,CN,173,Major19,Major,12/12/2013,F,2103,A,RB,14.6,25,0,0,BrF,662,NA,2150.855,1,TRUE,15:11,551,TC,1.105639005,Y,4,16,0,1,0,0,0,1,0,1,0,1,2,4,0,1,0,1,0,AC
Sample_176,Sample_176,Sample.176.FUN366,176,FUN366,366,366,Sample.265.366,265,6139,L921081,RY/RX,366,25/09/2018,F,F,2018,25-Sep-18,0,22/03/2019,0.0344,10535,75,3,CN,167,Major18,Major,23/02/2014,F,1675,A,RB,13.9,23.9,0,0,BrF,75,14017.36236,14017.36236,1,TRUE,13:36,456,TJB,0.958220471,Y,4,16,0,0,1,1,1,0,0,0,0,0,3,9,1,1,1,0,0,CC
Sample_262,Sample_262,Sample.262.FUN557,262,FUN557,557,557,Sample.208.557,208,6144,L921078,OW/LX,557,14/07/2019,F,F,2019,25-Sep-19,73,24/06/2020,0.0536,10851,1,4,CN,173,Major19,Major,21/02/2014,M,1969,A,RB,16.7,27.5,0,0,BrM,1,7952.586236,7952.586236,1,TRUE,10:35,275,EC,0.884511204,NA,NA,NA,NA,NA,NA,NA,NA,NA,NA,NA,NA,NA,NA,NA,NA,NA,NA,NA,NA,AC
Sample_295,Sample_295,Sample.295.FUN673,295,FUN673,673,673,Sample.122.673,122,6152,L921497,BB/OX,673,15/09/2019,F,F,2019,25-Sep-19,10,06/07/2020,0.0484,10896,662,4,CN,173,Major19,Major,27/02/2014,M,2026,A,RB,16.9,25.9,0,0,BrM,662,NA,2150.855,1,TRUE,14:58,538,TC,1.253057539,Y,6,36,1,0,0,1,1,1,0,0,1,0,4,16,1,1,0,0,1,AA
Sample_291,Sample_291,Sample.291.FUN620,291,FUN620,620,620,Sample.120.620,120,6155,L921087,BV/WX,620,01/09/2019,F,F,2019,25-Sep-19,24,18/06/2020,0.0224,10885,13,4,CN,173,Major19,Major,28/02/2014,M,2011,A,RB,17.1,26.4,0,0,BrM,13,16268.71148,16268.71148,1,TRUE,15:44,584,EC,1.105639005,NA,NA,NA,NA,NA,NA,NA,NA,NA,NA,NA,NA,NA,NA,NA,NA,NA,NA,NA,NA,AA
Sample_141,Sample_141,Sample.141.FUN298,141,FUN298,298,298,Sample.66.298,66,6158,L921089,YG/RX,298,04/09/2018,F,F,2018,25-Sep-18,21,12/04/2019,0.0936,10474,59,2,CN,167,Major18,Major,02/03/2014,M,1647,A,RB,15.1,25,0,0,BrM,59,15353.44527,15353.44527,1,TRUE,12:02,362,CD,1.105639005,Y,2,4,0,0,0,1,1,0,0,0,0,0,3,9,1,1,1,0,0,AC
Sample_135,Sample_135,Sample.135.FUN287,135,FUN287,287,287,Sample.27.287,27,6161,X784109,RB/BX,287,31/08/2018,F,F,2018,25-Sep-18,25,03/05/2019,0.216,10465,618,2,CN,167,Major18,Major,04/03/2014,F,1641,A,RB,14.6,24.8,0,-1,H,618,9718.462169,9718.462169,1,TRUE,11:45,345,TJB,0.73709267,Y,6,36,0,1,0,1,1,1,0,1,0,1,2,4,1,1,0,0,0,CC
Sample_143,Sample_143,Sample.143.FUN303,143,FUN303,303,303,Sample.4.303,4,6166,X784111,GE/RX,303,04/09/2018,F,F,2018,25-Sep-18,21,08/03/2019,0.0584,10470,64,2,CN,167,Major18,Major,07/03/2014,M,1642,A,RB,16.6,27.5,0,0,BrM,70,22774.18454,22774.18454,1,TRUE,17:08,668,CD,1.031929738,Y,6,36,0,1,0,1,1,1,0,1,0,1,2,4,1,1,0,0,0,AC
Sample_62,Sample_62,Sample.62.FUN151,62,FUN151,151,151,Sample.263.151,263,6169,L921300,BR/WX,151,02/03/2018,F,F,2018,03-Apr-18,32,11/04/2019,0.428,10349,140,3,CN,166,Minor18,Minor,11/03/2014,F,1452,A,RB,14.4,24,0,-1,BrF,140,19594.25121,19594.25121,1,TRUE,08:48,168,TJB,0.663383403,Y,6,36,0,1,0,1,1,1,0,1,0,1,4,16,1,1,0,0,1,AC
Sample_272,Sample_272,Sample.272.FUN570,272,FUN570,570,570,Sample.149.570,149,6170,L921494,EE/WX,570,11/08/2019,F,F,2019,25-Sep-19,45,07/07/2020,0.1,10880,140,4,CN,173,Major19,Major,11/03/2014,M,1979,A,RB,16,26,0,0,BrM,140,88772.19438,88772.19438,1,TRUE,16:21,621,EC,0.663383403,Y,3,9,0,1,0,1,1,0,0,0,0,0,4,16,1,1,1,0,1,AA
Sample_40,Sample_40,Sample.40.FUN101,40,FUN101,101,101,Sample.89.101,89,6171,L921299,LV/VX,101,09/09/2017,F,F,2017,25-Sep-17,16,26/01/2018,0.001,10246,172,1,CN,164,Major17,Major,12/03/2014,M,1277,A,RB,16.1,26.4,0,0,BrM,172,40913.79062,40913.79062,1,TRUE,10:00,240,TB,0.810801937,Y,6,36,0,1,0,1,1,1,0,1,0,1,2,4,1,1,0,0,0,AA
Sample_170,Sample_170,Sample.170.FUN356,170,FUN356,356,356,Sample.194.356,194,6181,L921294,LB/OX,356,18/09/2018,F,F,2018,25-Sep-18,7,03/05/2019,0.592,10515,95,2,CN,167,Major18,Major,18/07/2013,F,1888,A,RB,15.1,24.4,0,-1,BrF,95,12566.70672,12566.70672,0,FALSE,11:15,315,TJB,0.884511204,Y,7,49,0,1,0,1,1,1,0,1,0,1,2,4,1,1,0,0,0,AC
Sample_200,Sample_200,Sample.200.FUN397,200,FUN397,397,397,Sample.104.397,104,6186,L921286,GG/LX,397,04/02/2019,F,F,2019,09-Apr-19,64,18/06/2020,0.062,10736,94,4,CN,171,Minor19,Minor,25/03/2014,F,1777,A,RB,14.9,25.3,0,-1,BrF,110,8609.186096,8609.186096,1,TRUE,09:10,190,TC,0.73709267,NA,NA,NA,NA,NA,NA,NA,NA,NA,NA,NA,NA,NA,NA,NA,NA,NA,NA,NA,NA,AC
Sample_72,Sample_72,Sample.72.FUN170,72,FUN170,170,170,Sample.24.170,24,6187,L921284,NW/WX,170,10/03/2018,F,F,2018,03-Apr-18,24,27/02/2019,0.516,10378,64,2,CN,166,Minor18,Minor,26/03/2014,F,1445,A,RB,14.4,23.9,0,0,BrF,64,15853.08233,15853.08233,1,TRUE,08:52,172,TJB,1.253057539,Y,2,4,0,0,0,1,1,0,0,0,0,0,3,9,1,1,0,0,1,AA
Sample_120,Sample_120,Sample.120.FUN266,120,FUN266,266,266,Sample.16.266,16,6188,L921282,NO/RX,266,24/08/2018,F,F,2018,25-Sep-18,32,12/04/2019,1.05,10449,636,2,CN,167,Major18,Major,02/04/2014,F,1605,A,RB,16.8,25.5,0,-1,BrF,636,16711.75204,16711.75204,1,TRUE,17:11,671,CD,1.031929738,Y,6,36,1,0,0,1,1,1,1,0,1,0,3,9,1,1,0,0,1,AA
Sample_60,Sample_60,Sample.60.FUN146,60,FUN146,146,146,Sample.239.146,239,6191,L921278,OW/OX,146,24/02/2018,F,F,2018,03-Apr-18,38,16/05/2019,0.106,10332,68,3,CN,166,Minor18,Minor,23/07/2014,F,1312,A,RB,14.6,25.2,0,0,BrF,68,34091.35018,34091.35018,1,TRUE,11:17,317,TJB,1.253057539,N,NA,NA,NA,NA,NA,NA,NA,NA,NA,NA,NA,NA,NA,NA,NA,NA,NA,NA,NA,AC
Sample_68,Sample_68,Sample.68.FUN164,68,FUN164,164,164,Sample.212.164,212,6195,L921204,RW/XZ,164,05/03/2018,F,F,2018,03-Apr-18,29,29/03/2019,0.219,10365,105,3,CN,166,Minor18,Minor,22/06/2014,F,1352,A,RB,14,23.8,0,-1,BrF,105,39827.26212,39827.26212,1,TRUE,12:06,366,TJB,0.958220471,Y,7,49,1,1,0,0,0,1,1,1,1,1,2,4,1,1,0,0,0,AA
Sample_34,Sample_34,Sample.34.FUN94,34,FUN94,94,94,Sample.82.94,82,6211,L921215,RO/EX,94,02/09/2017,F,F,2017,25-Sep-17,23,25/01/2018,0.476,10213,43,1,CN,164,Major17,Major,11/05/2014,F,1210,A,RB,15,24.2,0,-1,BrF,43,68848.73364,68848.73364,1,TRUE,09:45,225,CBC,1.031929738,Y,4,16,0,1,0,0,0,1,0,1,0,1,3,9,1,1,0,1,0,AA
Sample_149,Sample_149,Sample.149.FUN319,149,FUN319,319,319,Sample.93.319,93,6215,L921223,BY/SX,319,07/09/2018,F,F,2018,25-Sep-18,18,05/04/2019,0.0604,10479,1,2,CN,167,Major18,Major,22/05/2014,F,1569,A,RB,14.6,24.2,0,-1,BrF,1,5875.209934,5875.209934,1,TRUE,16:33,633,CD,0.73709267,Y,6,36,0,1,0,1,1,1,1,1,0,0,4,16,1,1,0,0,1,AA
Sample_66,Sample_66,Sample.66.FUN160,66,FUN160,160,160,Sample.52.160,52,6217,L921217,LG/WX,160,03/03/2018,F,F,2018,03-Apr-18,31,11/04/2019,0.0512,10354,605,2,CN,166,Minor18,Minor,14/05/2014,F,1389,A,RB,15,23.5,0,-1,BrF,605,31393.52085,31393.52085,1,TRUE,11:44,344,TJB,1.253057539,Y,6,36,0,1,0,1,1,1,0,1,0,1,2,4,1,1,0,0,0,AA
Sample_15,Sample_15,Sample.15.FUN41,15,FUN41,41,41,Sample.35.41,35,6222,L921228,NY/RX,41,28/08/2017,F,F,2017,25-Sep-17,28,22/01/2018,0.001,10221,82,1,CN,164,Major17,Major,27/01/2014,M,1309,A,RB,17.6,26.2,0,0,BrM,82,70442.5435,70442.5435,1,TRUE,09:24,204,MH,0.810801937,N,NA,NA,NA,NA,NA,NA,NA,NA,NA,NA,NA,NA,3,9,1,1,0,1,0,AA
Sample_45,Sample_45,Sample.45.FUN118,45,FUN118,118,118,Sample.105.118,105,6229,L921252,NW/NX,118,11/09/2017,F,F,2017,25-Sep-17,14,26/01/2018,0.0608,10245,13,1,CN,164,Major17,Major,05/07/2014,F,1164,A,RB,14.3,24.8,0,-1,BrF,13,57927.64532,57927.64532,1,TRUE,07:49,109,DR,1.253057539,N,NA,NA,NA,NA,NA,NA,NA,NA,NA,NA,NA,NA,2,4,1,1,0,0,0,AC
Sample_234,Sample_234,Sample.234.FUN439,234,FUN439,439,439,Sample.9.439,9,6230,L921243,ER/EX,439,23/02/2019,F,F,2019,09-Apr-19,45,20/07/2020,0.001,10766,28,4,CN,171,Minor19,Minor,15/07/2014,M,1684,A,RB,15.9,25.9,0,0,BrM,28,6735.22124,6735.22124,0,FALSE,11:30,330,TJB,1.179348272,Y,6,36,0,1,0,1,1,1,0,1,0,1,5,25,1,1,1,1,0,AA
Sample_180,Sample_180,Sample.180.FUN370,180,FUN370,370,370,Sample.207.370,207,6249,L921247,WY/BX,370,28/01/2019,F,F,2019,09-Apr-19,71,24/06/2020,0.908,10707,154,4,CN,171,Minor19,Minor,29/07/2014,M,1644,A,RB,15.9,25.7,0,0,BrM,154,2071.488038,2071.488038,1,TRUE,09:12,192,TJB,0.958220471,Y,4,16,0,1,0,0,0,1,0,1,0,1,4,16,1,1,1,1,0,AA
Sample_179,Sample_179,Sample.179.FUN370R,179,FUN370R,370R,370R,Sample.187.370R,187,6249,L921247,WY/BX,370,28/01/2019,F,F,2019,09-Apr-19,71,20/08/2020,0.192,10707,154,4,CN,171,Minor19,Minor,29/07/2014,M,1644,A,RB,15.9,25.7,0,0,BrM,154,2071.488038,2071.488038,1,TRUE,09:12,192,TJB,0.958220471,Y,4,16,0,1,0,0,0,1,0,1,0,1,4,16,1,1,1,1,0,AA
Sample_107,Sample_107,Sample.107.FUN244,107,FUN244,244,244,Sample.185.244,185,6261,Z691429,GR/XL,244,15/08/2018,F,F,2018,25-Sep-18,41,11/04/2019,0.0508,10462,63,3,CN,167,Major18,Major,28/07/2014,M,1479,A,RB,NA,26.2,0,0,BrM,64,8147.508336,8147.508336,1,TRUE,12:05,365,CD,0.884511204,Y,6,36,0,1,0,0,0,1,0,1,1,1,2,4,1,1,0,0,0,AA
Sample_101,Sample_101,Sample.101.FUN231,101,FUN231,231,231,Sample.17.231,17,6272,L921241,LR/EX,231,02/08/2018,F,F,2018,25-Sep-18,54,15/03/2019,0.206,10445,637,2,CN,167,Major18,Major,14/07/2014,F,1480,A,RB,15.8,25,0,-1,BrF,637,9740.727926,9740.727926,1,TRUE,09:16,196,CD,1.105639005,Y,6,36,1,1,0,0,0,1,0,1,1,1,2,4,1,1,0,0,0,AC
Sample_92,Sample_92,Sample.92.FUN215,92,FUN215,215,215,Sample.268.215,268,6274,L921254,BR/LX,215,23/07/2018,F,F,2018,25-Sep-18,64,08/03/2019,0.001,10423,48,3,CN,167,Major18,Major,19/07/2014,F,1465,A,RB,15.9,25.9,-1,-1,BrF,48,9034.360075,9034.360075,1,TRUE,16:49,649,CD,0.958220471,Y,6,36,0,1,0,1,1,1,0,1,0,1,5,25,1,1,0,1,0,AA
Sample_255,Sample_255,Sample.255.FUN547,255,FUN547,547,547,Sample.62.547,62,6294,L921242,GV/LX,547,09/07/2019,F,F,2019,25-Sep-19,78,29/06/2020,0.001,10853,179,4,CN,173,Major19,Major,02/12/2014,M,1680,A,RB,15.8,25.7,0,0,BrM,179,14730.78536,14730.78536,1,TRUE,09:52,232,MJB,1.253057539,NA,NA,NA,NA,NA,NA,NA,NA,NA,NA,NA,NA,NA,NA,NA,NA,NA,NA,NA,NA,AC
Sample_43,Sample_43,Sample.43.FUN111,43,FUN111,111,111,Sample.98.111,98,6313,L921269,GY/EX,111,12/09/2017,F,F,2017,25-Sep-17,13,26/01/2018,0.496,10251,127,1,CN,164,Major17,Major,12/10/2014,M,1066,A,RB,15.7,24.8,0,0,BrM,127,53864.28037,53864.28037,1,TRUE,17:32,692,TB,1.326766806,Y,6,36,1,1,0,1,1,1,0,0,1,0,4,16,1,1,0,0,1,AA
Sample_3,Sample_3,Sample.3.FUN15,3,FUN15,15,15,Sample.10.15,10,6370,L921259,OR/BX,15,07/07/2017,F,F,2017,25-Sep-17,80,22/01/2018,0.0608,NA,71,1,CN,164,Major17,Major,17/07/2014,M,1086,A,NA,NA,NA,NA,NA,BrM,71,16628.267,16628.267,1,TRUE,09:03,183,CD,1.031929738,Y,6,36,0,1,0,1,1,1,0,1,0,1,4,16,1,1,0,0,1,AA
Sample_145,Sample_145,Sample.145.FUN309,145,FUN309,309,309,Sample.14.309,14,6377,X784171,RO/LX,309,06/09/2018,F,F,2018,25-Sep-18,19,12/04/2019,0.484,10490,134,2,CN,167,Major18,Major,17/08/2014,F,1481,A,RB,15.3,23.7,0,0,BrF,134,5065.94312,5065.94312,1,TRUE,09:33,213,TJB,1.179348272,Y,6,36,0,1,0,1,1,1,0,1,0,1,2,4,1,1,0,0,0,AC
Sample_69,Sample_69,Sample.69.FUN166,69,FUN166,166,166,Sample.248.166,248,6378,L921262,RB/LX,166,07/03/2018,F,F,2018,03-Apr-18,27,16/05/2019,0.349,10367,83,3,CN,166,Minor18,Minor,04/08/2015,F,946,A,RB,14.8,25.3,0,0,BrF,83,24345.84098,24345.84098,1,TRUE,10:55,295,TJB,1.253057539,Y,5,25,0,0,1,1,1,0,0,1,0,1,2,4,1,1,0,0,0,AC
Sample_54,Sample_54,Sample.54.FUN136,54,FUN136,136,136,Sample.107.136,107,6381,L921265,GR/EX,136,22/02/2018,F,F,2018,03-Apr-18,40,15/03/2019,0.141,10329,101,2,CN,166,Minor18,Minor,25/08/2015,M,912,A,RB,16.7,25.7,0,0,BrM,101,25429.06533,25429.06533,1,TRUE,10:30,270,TJB,0.884511204,Y,6,36,1,0,0,1,1,1,1,0,1,0,4,16,1,1,0,0,1,CC
Sample_228,Sample_228,Sample.228.FUN432,228,FUN432,432,432,Sample.134.432,134,6384,X784177,YR/NX,432,20/02/2019,F,F,2019,09-Apr-19,48,07/07/2020,0.139,10765,111,4,CN,171,Minor19,Minor,16/01/2015,M,1496,A,RB,16.6,25.7,0,0,BrM,110,8609.186096,8609.186096,1,TRUE,10:55,295,TJB,0.958220471,Y,6,36,1,0,0,1,1,1,1,0,1,0,3,9,1,1,0,0,1,AC
Sample_277,Sample_277,Sample.277.FUN576,277,FUN576,576,576,Sample.10.576,10,6385,X784179,NE/EX,576,19/08/2019,F,F,2019,25-Sep-19,37,20/07/2020,0.102,10870,2,4,CN,173,Major19,Major,17/01/2015,M,1675,A,RB,14.5,26.5,0,0,BrM,2,8146.424089,8146.424089,1,TRUE,12:00,360,TC,1.179348272,NA,NA,NA,NA,NA,NA,NA,NA,NA,NA,NA,NA,NA,NA,NA,NA,NA,NA,NA,NA,AC
Sample_240,Sample_240,Sample.240.FUN448,240,FUN448,448,448,Sample.95.448,95,6546,X784182,WW/LX,448,28/02/2019,F,F,2019,09-Apr-19,40,15/07/2020,0.001,10771,39,4,CN,171,Minor19,Minor,20/09/2015,F,1257,A,RB,13.9,24.9,0,-1,BrF,39,2557.043187,2557.043187,1,TRUE,15:00,540,TJB,1.105639005,Y,5,25,0,1,1,0,0,1,0,1,0,1,4,16,1,1,0,1,0,AC
Sample_206,Sample_206,Sample.206.FUN403,206,FUN403,403,403,Sample.199.403,199,6548,X784184,LL/BX,403,06/02/2019,F,F,2019,09-Apr-19,62,16/07/2020,0.0308,10733,50,4,CN,171,Minor19,Minor,21/09/2015,M,1234,A,RB,16,26,0,0,BrM,50,15852.93525,15852.93525,1,TRUE,10:00,240,TJB,1.031929738,Y,5,25,1,0,0,1,1,1,0,0,1,0,3,9,1,1,1,0,0,AA
Sample_152,Sample_152,Sample.152.FUN326,152,FUN326,326,326,Sample.279.326,279,6550,X784186,YW/EX,326,11/09/2018,F,F,2018,25-Sep-18,14,17/05/2019,0.107,10531,28,3,CN,167,Major18,Major,09/10/2015,F,1068,A,RB,13.9,25.1,0,-1,BrF,740,6689.407712,6689.407712,1,TRUE,10:52,292,CD,1.031929738,Y,7,49,0,1,0,1,0,1,0,1,0,1,2,4,1,1,0,0,0,AA
Sample_274,Sample_274,Sample.274.FUN572,274,FUN572,572,572,Sample.182.572,182,6554,X784190,LW/EX,572,06/08/2019,F,F,2019,25-Sep-19,50,09/07/2020,0.056,10869,58,4,CN,173,Major19,Major,26/09/2015,F,1410,A,RB,15.5,24.8,0,0,BrF,58,7998.250111,7998.250111,1,TRUE,14:18,498,EC,1.47418534,Y,6,36,0,1,0,1,1,1,0,1,0,1,2,4,1,1,0,0,0,AA
Sample_108,Sample_108,Sample.108.FUN235,108,FUN235,235,235,Sample.181.235,181,6556,X784192,YG/EX,235,04/08/2018,F,F,2018,25-Sep-18,52,03/05/2019,0.266,10420,617,3,CN,167,Major18,Major,12/05/2015,M,1180,A,RB,16.8,27,0,0,BrM,617,8004.971558,8004.971558,0,FALSE,11:10,310,AVE,0.884511204,Y,7,49,1,0,1,0,0,1,0,1,1,0,3,9,1,1,1,0,0,AA
Sample_29,Sample_29,Sample.29.FUN75,29,FUN75,75,75,Sample.66.75,66,6563,Z691101,EV/EX,75,31/08/2017,F,F,2017,25-Sep-17,25,25/01/2018,0.111,10215,9,1,CN,164,Major17,Major,25/12/2015,M,615,A,RB,16.5,26.5,0,0,BrM,746,NA,20904.24,1,TRUE,11:44,344,CBC,0.958220471,Y,3,9,0,0,0,1,0,1,1,0,0,0,2,4,1,1,0,0,0,CC
Sample_279,Sample_279,Sample.279.FUN578,279,FUN578,578,578,Sample.31.578,31,6565,Z691103,YL/EX,578,27/08/2019,F,F,2019,25-Sep-19,29,18/06/2020,0.001,10878,177,4,CN,173,Major19,Major,19/02/2015,M,1650,A,RB,17.6,26.2,0,0,BrM,177,66132.96706,66132.96706,1,TRUE,14:59,539,TC,1.326766806,Y,5,25,1,0,0,1,1,1,0,0,1,0,3,9,1,1,0,0,1,AC
Sample_268,Sample_268,Sample.268.FUN562,268,FUN562,562,562,Sample.36.562,36,6567,Z691105,NY/WX,562,31/07/2019,F,F,2019,25-Sep-19,56,06/07/2020,0.001,10865,165,4,CN,173,Major19,Major,22/05/2015,M,1531,A,RB,15.9,26.2,0,0,BrM,165,38394.07929,38394.07929,1,TRUE,14:15,495,MJB,0.884511204,N,6,36,1,0,0,1,1,1,1,0,1,0,NA,NA,NA,NA,NA,NA,NA,AC
Sample_137,Sample_137,Sample.137.FUN293,137,FUN293,293,293,Sample.104.293,104,6571,Z691109,LN/WX,293,01/09/2018,F,F,2018,25-Sep-18,24,27/02/2019,1.22,10476,13,2,CN,167,Major18,Major,11/10/2015,F,1056,A,RB,14.9,25.5,0,-1,H,13,12804.75976,12804.75976,0,FALSE,16:40,640,TJB,1.179348272,Y,6,36,0,1,0,1,1,1,0,1,0,1,2,4,1,1,0,0,0,AC
Sample_250,Sample_250,Sample.250.FUN489,250,FUN489,489,489,Sample.98.489,98,6574,Z691112,EW/NX,489,30/06/2019,F,F,2019,25-Sep-19,87,17/07/2020,0.001,10846,636,4,CN,173,Major19,Major,19/10/2015,M,1350,A,RB,15.8,25.2,0,0,BrM,636,10977.62991,10977.62991,0,FALSE,10:22,262,MJB,1.179348272,NA,NA,NA,NA,NA,NA,NA,NA,NA,NA,NA,NA,NA,NA,NA,NA,NA,NA,NA,NA,AC
Sample_238,Sample_238,Sample.238.FUN445,238,FUN445,445,445,Sample.82.445,82,6645,Z691119,WG/EX,445,27/02/2019,F,F,2019,09-Apr-19,41,06/07/2020,0.001,10770,12,4,CN,171,Minor19,Minor,26/02/2016,M,1097,A,RB,16.6,26.9,0,0,BrM,12,6021.839161,6021.839161,1,TRUE,12:00,360,TJB,0.73709267,Y,6,36,0,1,0,1,1,1,0,1,0,1,2,4,1,1,0,0,0,AC
Sample_7,Sample_7,Sample.7.FUN25,7,FUN25,25,25,Sample.20.25,20,6650,Z691120,GN/SX,25,31/07/2017,F,F,2017,25-Sep-17,56,22/01/2018,0.234,10184,531,1,CN,164,Major17,Major,04/03/2016,M,514,A,RB,16,25.1,0,0,BrM,531,44940.59124,44940.59124,1,TRUE,15:38,578,CBC,0.958220471,Y,4,16,0,0,1,1,0,0,0,1,0,1,4,16,1,1,1,1,0,AC
Sample_175,Sample_175,Sample.175.FUN363,175,FUN363,363,363,Sample.202.363,202,6654,Z691137,GO/SX,363,20/09/2018,F,F,2018,25-Sep-18,5,07/03/2019,0.0372,10534,618,3,CN,167,Major18,Major,16/07/2016,M,796,A,RB,NA,NA,0,0,ABX,63,11140.89485,11140.89485,1,TRUE,11:20,320,TJB,1.253057539,Y,6,36,0,1,0,1,1,1,0,1,0,0,3,9,1,1,1,0,0,AA
Sample_13,Sample_13,Sample.13.FUN36,13,FUN36,36,36,Sample.31.36,31,6662,Z691125,BE/WX,36,29/08/2017,F,F,2017,25-Sep-17,27,22/01/2018,0.0696,10217,105,1,CN,164,Major17,Major,05/08/2016,F,389,A,RB,14.2,24.3,0,0,AB,179,23270.89023,23270.89023,1,TRUE,11:20,320,CD,0.73709267,Y,4,16,0,1,1,0,1,0,0,0,0,0,1,1,1,0,0,0,0,AC
Sample_264,Sample_264,Sample.264.FUN558,264,FUN558,558,558,Sample.219.558,219,6668,Z691132,NW/EX,558,14/07/2019,F,F,2019,25-Sep-19,73,12/06/2020,0.001,10850,739,4,CN,173,Major19,Major,12/07/2016,M,1097,A,RB,16.2,27,0,0,BrM,739,12409.76,12409.76,0,FALSE,09:51,231,EC,0.884511204,NA,NA,NA,NA,NA,NA,NA,NA,NA,NA,NA,NA,NA,NA,NA,NA,NA,NA,NA,NA,AC
Sample_172,Sample_172,Sample.172.FUN360,172,FUN360,360,360,Sample.180.360,180,6670,Z691128,LW/YX,360,19/09/2018,F,F,2018,25-Sep-18,6,16/05/2019,11,10514,169,3,CN,167,Major18,Major,30/11/2015,F,1024,A,RB,16.4,24.4,0,0,BrF,169,20983.13536,20983.13536,1,TRUE,09:38,218,TJB,0.663383403,Y,6,36,0,1,0,1,1,1,0,1,0,1,2,4,1,1,0,0,0,AA
Sample_6,Sample_6,Sample.6.FUN21,6,FUN21,21,21,Sample.16.21,16,6675,Z691143,VV/WX,21,09/08/2017,F,F,2017,25-Sep-17,47,17/01/2018,0.0764,10181,71,1,CN,164,Major17,Major,14/07/2016,F,391,SA,LB,16.1,24.5,0,0,AB,71,16628.267,16628.267,0,FALSE,09:26,206,CBC,0.810801937,Y,6,36,1,0,0,1,1,1,0,0,1,0,3,9,1,1,0,0,1,AA
Sample_22,Sample_22,Sample.22.FUN65,22,FUN65,65,65,Sample.56.65,56,6676,Z691142,YO/WX,65,22/08/2017,F,F,2017,25-Sep-17,34,25/01/2018,0.078,10205,743,1,CN,164,Major17,Major,14/07/2016,M,404,A,RB,15.7,27.9,0,0,ABX,72,39351.163,39351.163,1,TRUE,16:49,649,CD,0.958220471,Y,6,36,0,1,0,1,1,1,0,1,0,1,2,4,1,1,0,0,0,AA
Sample_24,Sample_24,Sample.24.FUN68,24,FUN68,68,68,Sample.59.68,59,6689,Z691310,GE/WX,68,29/08/2017,F,F,2017,25-Sep-17,27,25/01/2018,0.0712,10219,159,1,CN,164,Major17,Major,14/02/2016,M,562,A,RB,17.8,26.7,0,0,BrM,155,32726.03015,32726.03015,1,TRUE,10:00,240,CBC,0.958220471,Y,3,9,0,1,0,1,1,0,0,0,0,0,3,9,1,1,1,0,0,AC
Sample_211,Sample_211,Sample.211.FUN408R,211,FUN408R,408R,408R,Sample.217.408R,217,6690,Z691313,GO/WX,408,08/02/2019,F,F,2019,09-Apr-19,60,20/08/2020,0.0276,10729,2,4,CN,171,Minor19,Minor,19/05/2016,F,995,A,RB,15.1,24.6,0,-1,BrF,2,9431.586588,9431.586588,1,TRUE,15:32,572,TJB,1.105639005,NA,NA,NA,NA,NA,NA,NA,NA,NA,NA,NA,NA,NA,NA,NA,NA,NA,NA,NA,NA,AC
Sample_251,Sample_251,Sample.251.FUN490,251,FUN490,490,490,Sample.5.490,5,6690,Z691313,GO/WX,490,05/07/2019,F,F,2019,25-Sep-19,82,06/07/2020,0.1,10856,2,4,CN,173,Major19,Major,19/05/2016,F,1142,A,RB,14.4,24.7,0,0,BrF,2,8146.424089,8146.424089,1,TRUE,15:47,587,MJB,1.105639005,NA,NA,NA,NA,NA,NA,NA,NA,NA,NA,NA,NA,NA,NA,NA,NA,NA,NA,NA,NA,AC
Sample_212,Sample_212,Sample.212.FUN408,212,FUN408,408,408,Sample.30.408,30,6690,Z691313,GO/WX,408,08/02/2019,F,F,2019,09-Apr-19,60,10/06/2020,0.134,10729,2,4,CN,171,Minor19,Minor,19/05/2016,F,995,A,RB,15.1,24.6,0,-1,BrF,2,9431.586588,9431.586588,1,TRUE,15:32,572,TJB,1.105639005,NA,NA,NA,NA,NA,NA,NA,NA,NA,NA,NA,NA,NA,NA,NA,NA,NA,NA,NA,NA,AC
Sample_83,Sample_83,Sample.83.FUN199,83,FUN199,199,199,Sample.56.199,56,6692,Z691305,YN/EX,199,17/07/2018,F,F,2018,25-Sep-18,70,03/05/2019,0.216,10409,75,2,CN,167,Major18,Major,28/09/2016,M,657,A,RB,16.5,26.3,0,0,H,75,14017.36236,14017.36236,1,TRUE,08:12,132,AVE,1.031929738,Y,5,25,0,1,0,1,0,1,0,1,0,1,4,16,1,1,1,1,0,AC
Sample_81,Sample_81,Sample.81.FUN195,81,FUN195,195,195,Sample.29.195,29,6693,Z691304,GE/EX,195,17/07/2018,F,F,2018,25-Sep-18,70,15/03/2019,0.167,10405,531,2,CN,167,Major18,Major,28/09/2016,F,657,A,RB,15.1,25.5,0,0,BrF,531,9602.271107,9602.271107,1,TRUE,10:15,255,AVE,0.958220471,Y,6,36,0,1,0,1,1,1,1,1,0,0,5,25,1,1,1,1,0,AA
Sample_165,Sample_165,Sample.165.FUN347,165,FUN347,347,347,Sample.249.347,249,6694,Z691306,WY/WX,347,17/09/2018,F,F,2018,25-Sep-18,8,11/04/2019,0.32,10509,96,3,CN,167,Major18,Major,29/09/2016,M,718,A,RB,16.5,26.8,0,0,BrM,96,10233.73368,10233.73368,0,FALSE,09:23,203,TJB,1.179348272,Y,4,16,0,0,1,1,0,0,0,1,0,0,5,25,1,1,1,1,0,AA
Sample_235,Sample_235,Sample.235.FUN441,235,FUN441,441,441,Sample.41.441,41,6697,Z691301,EY/WX,441,25/02/2019,F,F,2019,09-Apr-19,43,21/07/2020,0.48,10774,740,4,CN,171,Minor19,Minor,27/09/2016,M,881,A,RB,17.1,27.2,0,0,BrM,740,12678.0341,12678.0341,0,FALSE,15:25,565,TC,1.179348272,NA,NA,NA,NA,NA,NA,NA,NA,NA,NA,NA,NA,NA,NA,NA,NA,NA,NA,NA,NA,AC
Sample_116,Sample_116,Sample.116.FUN259,116,FUN259,259,259,Sample.131.259,131,6698,Z691311,BL/EX,259,22/08/2018,F,F,2018,25-Sep-18,34,13/02/2019,0.0644,10441,24,2,CN,167,Major18,Major,02/10/2016,M,689,A,RB,16.3,26.1,0,0,BrM,24,6386.185174,6386.185174,1,TRUE,09:31,211,CD,1.253057539,Y,6,36,0,1,0,1,1,1,0,1,0,1,1,1,1,0,0,0,0,AA
Sample_131,Sample_131,Sample.131.FUN282,131,FUN282,282,282,Sample.162.282,162,6699,Z691400,YW/NX,282,04/09/2018,F,F,2018,25-Sep-18,21,12/04/2019,0.223,10472,128,3,CN,167,Major18,Major,27/01/2017,F,585,A,RB,14.7,23.6,0,0,H,128,19708.39647,19708.39647,1,TRUE,10:05,245,CD,0.884511204,Y,5,25,0,1,0,1,0,1,0,1,0,1,4,16,1,1,1,1,0,AA
Sample_46,Sample_46,Sample.46.FUN120,46,FUN120,120,120,Sample.107.120,107,6704,Z691316,GO/YX,120,10/09/2017,F,F,2017,25-Sep-17,15,26/01/2018,0.056,10243,165,1,CN,164,Major17,Major,22/05/2016,F,476,SA,LB,14.1,25.1,0,0,H,165,29038.84193,29038.84193,1,TRUE,16:21,621,DR,0.73709267,N,NA,NA,NA,NA,NA,NA,NA,NA,NA,NA,NA,NA,NA,NA,NA,NA,NA,NA,NA,AA
Sample_10,Sample_10,Sample.10.FUN55,18,FUN55,55,55,Sample.49.55,49,6707,Z691319,WW/EX,55,10/08/2017,F,F,2017,25-Sep-17,46,22/01/2018,0.184,10182,34,1,CN,164,Major17,Major,09/10/2016,F,305,SA,LB,14,25.2,0,-1,AB,16,72942.34641,72942.34641,1,TRUE,16:10,610,CBC,1.031929738,Y,6,36,0,1,0,1,1,1,0,1,0,1,2,4,1,1,0,0,0,AC
Sample_187,Sample_187,Sample.187.FUN379,187,FUN379,379,379,Sample.94.379,94,6708,Z691322,WY/NX,379,30/01/2019,F,F,2019,09-Apr-19,69,09/07/2020,0.0792,10717,126,4,CN,171,Minor19,Minor,15/10/2016,M,837,A,RB,16,26.3,0,0,BrM,126,20817.62823,20817.62823,0,FALSE,08:35,155,TJB,1.179348272,Y,2,4,0,0,0,1,1,0,0,0,0,0,3,9,1,1,1,0,0,AC
Sample_85,Sample_85,Sample.85.FUN203,85,FUN203,203,203,Sample.247.203,247,6709,Z691321,WW/XZ,203,17/07/2018,F,F,2018,25-Sep-18,70,17/05/2019,0.0428,10407,531,3,CN,167,Major18,Major,14/10/2016,M,641,A,RB,17.5,26.5,0,0,BrM,112,4890.587111,4890.587111,1,TRUE,10:15,255,CD,1.031929738,Y,6,36,0,1,0,1,1,1,0,1,0,1,2,4,1,1,0,0,0,AC
Sample_4,Sample_4,Sample.4.FUN19,4,FUN19,19,19,Sample.14.19,14,6727,Z691331,NL/OX,19,27/07/2017,F,F,2017,25-Sep-17,60,25/01/2018,0.0776,10143,40,1,CN,164,Major17,Major,26/07/2016,F,366,A,RB,15.2,25,0,0,H,40,50547.63906,50547.63906,1,TRUE,09:03,183,CBC,0.810801937,Y,6,36,0,1,0,1,1,1,0,1,0,1,2,4,1,1,0,0,0,AC
Sample_11,Sample_11,Sample.11.FUN34,11,FUN34,34,34,Sample.29.34,29,6728,Z691332,WB/NX,34,27/07/2017,F,F,2017,25-Sep-17,60,25/01/2018,0.0588,10144,24,1,CN,164,Major17,Major,26/10/2016,M,274,SA,LB,15.5,25.5,0,0,AB,24,27174.65776,27174.65776,1,TRUE,10:16,256,CBC,1.179348272,Y,4,16,0,0,0,1,1,1,1,0,0,0,2,4,1,1,0,0,0,AC
Sample_2,Sample_2,Sample.2.FUN9,2,FUN9,9,9,Sample.8.9,8,6729,Z691327,OY/NX,9,11/07/2017,F,F,2017,25-Sep-17,76,18/12/2017,0.001,10145,34,1,CN,164,Major17,Major,10/10/2016,F,274,SA,LB,14.7,25.2,0,0,ABX,34,63064.90932,63064.90932,1,TRUE,08:40,160,CD,1.253057539,N,NA,NA,NA,NA,NA,NA,NA,NA,NA,NA,NA,NA,2,4,1,1,0,0,0,CC
Sample_1,Sample_1,Sample.1.FUN8,1,FUN8,8,8,Sample.7.8,7,6730,Z691326,YB/GX,8,10/07/2017,F,F,2017,25-Sep-17,77,23/01/2018,0.056,10146,45,1,CN,164,Major17,Major,16/05/2017,M,55,FL,G,15.5,27.1,0,0,OFL,45,127889.2299,127889.2299,1,TRUE,10:12,252,CD,1.400476073,Y,4,16,0,1,0,0,0,1,0,1,0,1,3,9,1,1,0,1,0,AA
Sample_105,Sample_105,Sample.105.FUN241,105,FUN241,241,241,Sample.71.241,71,6731,Z691323,VX/WV,241,14/08/2018,F,F,2018,25-Sep-18,42,22/02/2019,0.291,10447,75,2,CN,167,Major18,Major,09/02/2017,M,551,A,RB,17,26,0,0,AB,75,14017.36236,14017.36236,1,TRUE,15:01,541,AVE,0.73709267,Y,2,4,0,0,0,1,1,0,0,0,0,0,3,9,1,1,0,0,1,AC
Sample_185,Sample_185,Sample.185.FUN377,185,FUN377,377,377,Sample.66.377,66,6732,Z691324,BN/YX,377,29/01/2019,F,F,2019,09-Apr-19,70,15/07/2020,0.29,10702,71,4,CN,171,Minor19,Minor,11/02/2017,M,717,A,RB,14.8,25.8,0,0,FLOAT,-3,NA,NA,0,FALSE,16:30,630,TJB,0.663383403,Y,7,49,1,1,0,0,0,1,0,1,1,1,2,4,1,1,0,0,0,AA
Sample_115,Sample_115,Sample.115.FUN258,115,FUN258,258,258,Sample.209.258,209,6733,Z691328,VY/YX,258,22/08/2018,F,F,2018,25-Sep-18,34,22/02/2019,0.0916,10456,24,3,CN,167,Major18,Major,17/05/2017,F,462,A,RB,14.5,24.3,0,0,H,407,7117.38763,7117.38763,1,TRUE,08:36,156,AVE,1.179348272,N,NA,NA,NA,NA,NA,NA,NA,NA,NA,NA,NA,NA,4,16,1,1,1,1,0,AA
Sample_16,Sample_16,Sample.16.FUN49,16,FUN49,49,49,Sample.43.49,43,6734,Z691325,MM/MX,49,19/08/2017,F,F,2017,25-Sep-17,37,22/01/2018,0.026,10211,72,1,CN,164,Major17,Major,15/06/2017,M,65,FL,G,16.4,26.6,0,0,OFL,72,39351.163,39351.163,1,TRUE,10:40,280,MH,1.031929738,Y,6,36,0,1,0,1,1,1,0,1,0,1,2,4,1,1,0,0,0,AA
Sample_5,Sample_5,Sample.5.FUN20,5,FUN20,20,20,Sample.15.20,15,6735,Z691330,VO/NX,20,20/07/2017,F,F,2017,25-Sep-17,67,18/12/2017,0.0296,10151,177,1,CN,164,Major17,Major,19/07/2016,F,366,A,RB,16.2,25.3,0,0,H,177,32073.94366,32073.94366,1,TRUE,15:25,565,CD,1.253057539,Y,3,9,0,0,1,1,1,0,0,0,0,0,3,9,1,1,1,0,0,AC
Sample_71,Sample_71,Sample.71.FUN169,71,FUN169,169,169,Sample.207.169,207,6737,Z691347,LG/YX,169,03/03/2018,F,F,2018,03-Apr-18,31,22/02/2019,0.0632,10358,126,3,CN,166,Minor18,Minor,16/08/2016,F,564,A,RB,14.8,24.4,0,-1,BrF,55,40708.93585,40708.93585,1,TRUE,17:13,673,CBC,1.105639005,Y,2,4,0,0,0,1,1,0,0,0,0,0,3,9,1,1,0,0,1,AC
Sample_19,Sample_19,Sample.19.FUN57,19,FUN57,57,57,Sample.51.57,51,6738,Z691348,WW/YX,57,17/08/2017,F,F,2017,25-Sep-17,39,22/01/2018,0.102,10164,602,1,CN,164,Major17,Major,23/06/2017,F,55,FL,G,NA,24.2,0,0,OFL,602,78304.70553,78304.70553,1,TRUE,16:30,630,CBC,1.105639005,Y,6,36,0,0,1,1,1,0,0,1,0,1,2,4,1,1,0,0,0,AC
Sample_253,Sample_253,Sample.253.FUN545,253,FUN545,545,545,Sample.34.545,34,6739,Z691334,WW/NX,545,09/07/2019,F,F,2019,25-Sep-19,78,30/06/2020,0.001,10854,179,4,CN,173,Major19,Major,29/07/2017,M,710,A,RB,16.6,26.6,0,0,BrM,83,12617.37433,12617.37433,1,TRUE,11:04,304,CBC,1.326766806,N,NA,NA,NA,NA,NA,NA,NA,NA,NA,NA,NA,NA,3,9,1,1,0,0,1,CC
Sample_20,Sample_20,Sample.20.FUN61,20,FUN61,61,61,Sample.52.61,52,6740,Z691335,BY/WX,61,19/08/2017,F,F,2017,25-Sep-17,37,17/01/2018,0.0672,10207,62,1,CN,164,Major17,Major,07/11/2016,F,285,SA,LB,13.7,24.1,0,0,H,62,87182.19661,87182.19661,1,TRUE,15:00,540,MH,1.031929738,Y,6,36,0,1,0,1,1,1,0,1,0,1,2,4,1,1,0,0,0,AC
Sample_73,Sample_73,Sample.73.FUN173,73,FUN173,173,173,Sample.187.173,187,6742,Z691339,OV/YX,173,24/06/2018,F,F,2018,25-Sep-18,93,11/04/2019,0.0218,10388,2,3,CN,167,Major18,Major,31/07/2017,M,328,SA,LB,16.8,26.6,0,0,ABX,40,7310.687962,7310.687962,1,TRUE,14:31,511,MH,0.663383403,Y,6,36,0,1,0,1,1,1,0,1,0,1,2,4,1,1,0,0,0,CC
Sample_294,Sample_294,Sample.294.FUN663,294,FUN663,663,663,Sample.115.663,115,6745,Z691343,BL/WX,663,31/07/2019,F,F,2019,25-Sep-19,56,16/07/2020,0.0148,10863,127,4,CN,173,Major19,Major,19/06/2017,M,772,A,RB,17.7,27.2,0,0,BrM,127,14920.17588,14920.17588,1,TRUE,16:36,636,MJB,0.958220471,Y,6,36,0,1,1,0,0,1,1,1,0,0,5,25,1,1,1,1,0,AC
Sample_12,Sample_12,Sample.12.FUN35,12,FUN35,35,35,Sample.30.35,30,6746,Z691341,YB/NX,35,10/08/2017,F,F,2017,25-Sep-17,46,23/01/2018,0.0942,10172,34,1,CN,164,Major17,Major,16/06/2017,M,55,FL,G,16.9,26.1,0,0,OFL,34,63064.90932,63064.90932,1,TRUE,15:48,588,CBC,1.400476073,Y,5,25,0,1,0,0,0,1,0,1,0,1,2,4,1,1,0,0,0,AA
Sample_158,Sample_158,Sample.158.FUN336,158,FUN336,336,336,Sample.5.336,5,6747,Z691345,NB/XZ,336,13/09/2018,F,F,2018,25-Sep-18,12,29/03/2019,0.168,10497,160,2,CN,167,Major18,Major,31/03/2017,M,531,A,RB,16.8,26.2,0,0,BrM,160,5894.063604,5894.063604,0,FALSE,08:36,156,TJB,0.810801937,Y,3,9,0,0,1,1,1,0,0,0,0,0,3,9,1,1,1,0,0,AA
Sample_23,Sample_23,Sample.23.FUN66,23,FUN66,66,66,Sample.57.66,57,6748,Z691346,GB/NX,66,16/08/2017,F,F,2017,25-Sep-17,40,25/01/2018,0.22,10174,481,1,CN,164,Major17,Major,22/06/2017,F,55,FL,G,15.8,24.9,0,0,OFL,481,95885.90525,95885.90525,1,TRUE,16:45,645,MH,0.958220471,Y,2,4,0,0,0,1,1,0,0,0,0,0,3,9,1,1,1,0,0,AA
Sample_14,Sample_14,Sample.14.FUN40,14,FUN40,40,40,Sample.34.40,34,6749,Z691340,GL/EX,40,10/08/2017,F,F,2017,25-Sep-17,46,22/01/2018,0.141,10175,633,1,CN,164,Major17,Major,16/06/2017,M,55,FL,G,16.3,26.1,0,0,OFL,633,76468.08866,76468.08866,0,FALSE,15:08,548,CD,0.73709267,Y,6,36,1,1,0,0,0,1,0,1,1,0,3,9,1,1,1,0,0,AA
Sample_112,Sample_112,Sample.112.FUN253,112,FUN253,253,253,Sample.34.253,34,6750,Z691333,GY/YX,253,21/08/2018,F,F,2018,25-Sep-18,35,03/05/2019,0.13,10450,618,2,CN,167,Major18,Major,17/07/2017,M,400,A,LB,16.5,25.6,0,0,FLOAT,-3,NA,NA,0,FALSE,11:34,334,CD,1.105639005,Y,6,36,0,1,0,1,1,1,0,1,0,1,2,4,1,1,0,0,0,AA
Sample_157,Sample_157,Sample.157.FUN335,157,FUN335,335,335,Sample.108.335,108,6751,Z691338,VY/VX,335,13/09/2018,F,F,2018,25-Sep-18,12,05/04/2019,0.0572,10498,160,2,CN,167,Major18,Major,14/06/2017,M,456,A,RB,15.4,26.4,0,0,ABX,165,17238.40275,17238.40275,0,FALSE,10:28,268,CD,1.326766806,Y,6,36,0,1,0,1,1,1,0,1,0,1,1,1,0,1,0,0,0,AA
Sample_18,Sample_18,Sample.18.FUN33,10,FUN33,33,33,Sample.28.33,28,6752,Z691336,YY/NX,33,08/08/2017,F,F,2017,25-Sep-17,48,23/01/2018,0.0792,10178,55,1,CN,164,Major17,Major,24/03/2017,F,137,OFL,G,15,24.2,0,0,OFL,55,59592.24747,59592.24747,1,TRUE,14:14,494,CBC,1.253057539,Y,6,36,0,1,0,1,1,1,0,1,0,1,2,4,1,1,0,0,0,AA
Sample_102,Sample_102,Sample.102.FUN232,102,FUN232,232,232,Sample.23.232,23,6754,Z691353,VL/YX,232,02/08/2018,F,F,2018,25-Sep-18,54,29/03/2019,0.154,10431,738,2,CN,167,Major18,Major,27/06/2017,F,401,A,RB,15.3,24,0,-1,SEEN1,94,15549.86547,15549.86547,1,TRUE,11:20,320,AVE,1.253057539,Y,3,9,0,1,0,1,1,0,0,0,0,0,3,9,1,1,1,0,0,AA
Sample_110,Sample_110,Sample.110.FUN246,110,FUN246,246,246,Sample.273.246,273,6755,Z691352,BG/WX,246,17/08/2018,F,F,2018,25-Sep-18,39,22/03/2019,0.199,10483,738,3,CN,167,Major18,Major,27/06/2017,M,416,A,RB,16.3,25.3,0,0,ABX,738,12291.87718,12291.87718,0,FALSE,11:10,310,TJB,0.589674136,Y,6,36,1,0,0,0,0,1,1,0,1,0,4,16,1,1,0,0,1,AA
Sample_58,Sample_58,Sample.58.FUN144,58,FUN144,144,144,Sample.43.144,43,6757,Z691349,OY/EX,144,19/02/2018,F,F,2018,03-Apr-18,43,16/05/2019,0.0372,10321,125,2,CN,166,Minor18,Minor,25/06/2017,F,239,SA,LB,13,23.6,0,0,SEEN1,126,29052.8993,29052.8993,1,TRUE,11:15,315,CBC,0.663383403,Y,6,36,0,1,0,1,1,1,0,1,0,1,2,4,1,1,0,0,0,AA
Sample_252,Sample_252,Sample.252.FUN544,252,FUN544,544,544,Sample.15.544,15,6758,Z691359,BW/YX,544,11/07/2019,F,F,2019,25-Sep-19,76,10/06/2020,0.176,10849,174,4,CN,173,Major19,Major,08/07/2017,M,733,A,RB,16.2,25.7,0,0,BrM,765,27628.95774,27628.95774,1,TRUE,08:52,172,MJB,0.958220471,Y,5,25,0,1,0,0,0,1,1,1,0,1,2,4,1,1,0,0,0,CC
Sample_267,Sample_267,Sample.267.FUN561,267,FUN561,561,561,Sample.23.561,23,6759,Z691355,WV/EX,561,19/07/2019,F,F,2019,25-Sep-19,68,09/07/2020,0.001,10858,105,4,CN,173,Major19,Major,30/06/2017,M,749,A,RB,17.1,26.6,0,0,BrM,105,41798.34799,41798.34799,1,TRUE,11:08,308,CBC,0.810801937,N,NA,NA,NA,NA,NA,NA,NA,NA,NA,NA,NA,NA,4,16,1,1,0,0,1,AA
Sample_167,Sample_167,Sample.167.FUN349,167,FUN349,349,349,Sample.115.349,115,6760,Z691354,BE/VX,349,17/09/2018,F,F,2018,25-Sep-18,8,22/03/2019,0.0964,10536,95,2,CN,167,Major18,Major,23/08/2016,M,755,A,RB,16.5,25.2,0,0,BrM,95,12566.70672,12566.70672,1,TRUE,10:10,250,TJB,0.958220471,Y,4,16,0,0,1,1,1,0,0,1,0,0,3,9,1,1,1,0,0,AA
Sample_28,Sample_28,Sample.28.FUN73,28,FUN73,73,73,Sample.64.73,64,6761,Z691360,NY/NX,73,01/09/2017,F,F,2017,25-Sep-17,24,20/12/2017,0.0538,10196,743,1,CN,164,Major17,Major,31/08/2016,M,366,A,RB,17,27,0,0,BrM,743,NA,13414.215,1,TRUE,09:40,220,CD,1.253057539,Y,5,25,0,1,0,0,0,1,1,1,0,1,3,9,1,1,0,1,0,AC
Sample_35,Sample_35,Sample.35.FUN96,35,FUN96,96,96,Sample.84.96,84,6762,Z691362,OW/WX,96,02/09/2017,F,F,2017,25-Sep-17,23,23/01/2018,0.038,10197,172,1,CN,164,Major17,Major,01/09/2016,M,366,A,RB,16.3,26.2,0,0,SEEN1,172,40913.79062,40913.79062,1,TRUE,10:08,248,CD,0.810801937,Y,5,25,0,1,0,1,1,1,0,1,0,0,3,9,1,1,0,0,1,AA
Sample_33,Sample_33,Sample.33.FUN87,33,FUN87,87,87,Sample.77.87,77,6763,Z691361,YG/WX,87,01/09/2017,F,F,2017,25-Sep-17,24,25/01/2018,0.0316,10198,637,1,CN,164,Major17,Major,08/07/2017,M,55,FL,G,NA,26.9,0,0,FL,637,96280.44443,96280.44443,0,FALSE,12:01,361,CD,0.663383403,Y,6,36,1,1,0,0,0,1,0,1,1,1,2,4,1,1,0,0,0,AC
Sample_209,Sample_209,Sample.209.FUN406,209,FUN406,406,406,Sample.7.406,7,6764,Z691363,BL/BX,406,07/02/2019,F,F,2019,09-Apr-19,61,16/07/2020,0.628,10728,72,4,CN,171,Minor19,Minor,11/07/2017,F,576,A,LB,14.9,25.7,0,0,BrF,123,3191.243087,3191.243087,1,TRUE,14:48,528,TC,0.663383403,Y,6,36,1,0,0,1,1,1,1,0,1,0,4,16,1,1,1,1,0,AA
Sample_27,Sample_27,Sample.27.FUN72,27,FUN72,72,72,Sample.63.72,63,6765,Z691357,EG/VX,72,29/08/2017,F,F,2017,25-Sep-17,27,25/01/2018,0.0888,10200,154,1,CN,164,Major17,Major,05/07/2017,F,55,FL,G,14.5,24.4,0,0,OFL,154,25958.56709,25958.56709,1,TRUE,11:05,305,MH,0.810801937,Y,2,4,0,0,0,1,1,0,0,0,0,0,3,9,1,1,0,0,1,AA
Sample_246,Sample_246,Sample.246.FUN454,246,FUN454,454,454,Sample.184.454,184,6766,Z691356,LY/WX,454,26/06/2019,F,F,2019,25-Sep-19,91,16/07/2020,0.001,10844,616,4,CN,173,Major19,Major,02/07/2017,F,724,A,RB,15.1,24.3,0,0,BrF,616,4431.095525,4431.095525,1,TRUE,10:10,250,MJB,0.958220471,N,6,36,0,1,0,1,1,1,0,1,0,1,NA,NA,NA,NA,NA,NA,NA,AC
Sample_100,Sample_100,Sample.100.FUN227,100,FUN227,227,227,Sample.245.227,245,6767,Z691365,AA/AX,227,02/08/2018,F,F,2018,25-Sep-18,54,11/04/2019,0.214,10446,637,3,CN,167,Major18,Major,23/08/2017,F,344,SA,LB,14.2,24.5,0,0,SEEN1,637,9740.727926,9740.727926,1,TRUE,09:16,196,AVE,1.031929738,Y,6,36,0,1,1,0,0,1,0,1,0,1,3,9,1,1,0,1,0,AC
Sample_30,Sample_30,Sample.30.FUN81,30,FUN81,81,81,Sample.71.81,71,6769,Z691358,MA/RX,81,30/08/2017,F,F,2017,25-Sep-17,26,25/01/2018,0.158,10214,479,1,CN,164,Major17,Major,06/07/2017,F,55,FL,G,14.3,25.2,0,0,FL,479,92068.01803,92068.01803,1,TRUE,09:10,190,MH,0.958220471,N,4,16,0,1,0,0,0,1,0,1,0,1,NA,NA,NA,NA,NA,NA,NA,AA
Sample_32,Sample_32,Sample.32.FUN85,32,FUN85,85,85,Sample.75.85,75,6771,Z691402,WL/WX,85,09/09/2017,F,F,2017,25-Sep-17,16,22/01/2018,0.14,10225,618,1,CN,164,Major17,Major,16/07/2017,F,55,FL,G,17.8,26.7,0,0,OFL,618,39033.48303,39033.48303,1,TRUE,08:14,134,DR,0.884511204,N,6,36,0,1,0,1,1,1,0,1,0,1,NA,NA,NA,NA,NA,NA,NA,AC
Sample_38,Sample_38,Sample.38.FUN99,38,FUN99,99,99,Sample.87.99,87,6772,Z691401,LN/YX,99,09/09/2017,F,F,2017,25-Sep-17,16,23/01/2018,0.151,10226,63,1,CN,164,Major17,Major,16/07/2017,M,55,OFL,G,16.9,26.5,0,0,OFL,63,45367.54628,45367.54628,1,TRUE,07:39,99,DR,1.179348272,Y,4,16,0,1,0,0,0,1,0,1,0,1,3,9,1,1,0,1,0,AA
Sample_169,Sample_169,Sample.169.FUN353,169,FUN353,353,353,Sample.171.353,171,6773,Z691367,YL/WX,353,18/09/2018,F,F,2018,25-Sep-18,7,29/03/2019,0.114,10512,137,3,CN,167,Major18,Major,08/12/2016,F,649,A,RB,14.9,24.9,0,0,BrF,137,4368.94099,4368.94099,1,TRUE,10:14,254,CD,1.179348272,Y,6,36,0,1,1,1,0,1,1,1,0,0,5,25,1,1,1,1,0,AC
Sample_161,Sample_161,Sample.161.FUN340,161,FUN340,340,340,Sample.256.340,256,6774,Z691493,GE/XZ,340,13/09/2018,F,F,2018,25-Sep-18,12,16/05/2019,0.412,10499,160,3,CN,167,Major18,Major,15/07/2017,M,425,A,RB,16.7,26.4,0,0,AB,134,5065.94312,5065.94312,1,TRUE,12:54,414,TJB,0.884511204,N,NA,NA,NA,NA,NA,NA,NA,NA,NA,NA,NA,NA,3,9,1,1,0,1,0,CC
Sample_41,Sample_41,Sample.41.FUN104,41,FUN104,104,104,Sample.92.104,92,6775,Z691371,BB/VX,104,09/09/2017,F,F,2017,25-Sep-17,16,26/01/2018,0.13,10229,45,1,CN,164,Major17,Major,16/07/2017,M,55,FL,G,15.8,26.3,0,0,OFL,45,127889.2299,127889.2299,1,TRUE,08:05,125,TB,1.031929738,Y,7,49,1,1,0,0,0,1,1,1,1,1,2,4,1,1,0,0,0,AA
Sample_132,Sample_132,Sample.132.FUN283,132,FUN283,283,283,Sample.234.283,234,6776,Z691403,BV/EX,283,31/08/2018,F,F,2018,25-Sep-18,25,22/03/2019,0.032,10477,618,3,CN,167,Major18,Major,16/07/2017,M,411,A,RB,15.8,26,0,0,AB,618,9718.462169,9718.462169,1,TRUE,08:35,155,AVE,0.958220471,Y,6,36,0,1,0,1,1,1,0,1,0,1,2,4,1,1,0,0,0,AA
Sample_273,Sample_273,Sample.273.FUN571,273,FUN571,571,571,Sample.168.571,168,6777,Z691376,VV/EX,571,17/08/2019,F,F,2019,25-Sep-19,39,16/07/2020,0.001,10876,616,4,CN,173,Major19,Major,18/07/2017,M,760,A,RB,17.2,26.3,0,0,ABX,616,4431.095525,4431.095525,1,TRUE,16:22,622,EC,1.105639005,N,6,36,0,1,0,1,1,1,1,1,0,0,NA,NA,NA,NA,NA,NA,NA,AA
Sample_39,Sample_39,Sample.39.FUN100,39,FUN100,100,100,Sample.88.100,88,6778,Z691372,LB/XZ,100,10/09/2017,F,F,2017,25-Sep-17,15,22/01/2018,0.0852,10232,100,1,CN,164,Major17,Major,17/07/2017,F,55,FL,G,13.9,24.4,0,0,FL,100,41968.89098,41968.89098,1,TRUE,08:30,150,DR,0.958220471,Y,2,4,0,0,0,1,1,0,0,0,0,0,3,9,1,1,0,0,1,AC
Sample_199,Sample_199,Sample.199.FUN395,199,FUN395,395,395,Sample.75.395,75,6780,Z691404,EG/WX,395,04/02/2019,F,F,2019,09-Apr-19,64,10/06/2020,0.374,10738,765,4,CN,171,Minor19,Minor,16/07/2017,F,568,A,RB,14.1,25.2,0,0,BrF,765,4821.743687,4821.743687,1,TRUE,11:45,345,TJB,0.884511204,Y,2,4,0,0,0,1,1,0,0,0,0,0,3,9,1,1,1,0,0,AA
Sample_207,Sample_207,Sample.207.FUN404,207,FUN404,404,404,Sample.213.404,213,6781,Z691370,VX/VL,404,06/02/2019,F,F,2019,09-Apr-19,62,08/07/2020,0.106,10734,99,4,CN,171,Minor19,Minor,15/07/2017,M,571,A,RB,15.7,25.7,0,0,BrM,99,8986.537738,8986.537738,0,FALSE,08:30,150,TJB,1.179348272,Y,2,4,0,0,0,1,1,0,0,0,0,0,3,9,1,1,0,0,1,AC
Sample_195,Sample_195,Sample.195.FUN388,195,FUN388,388,388,Sample.226.388,226,6782,Z691374,WB/EX,388,02/02/2019,F,F,2019,09-Apr-19,66,14/07/2020,0.109,10720,637,4,CN,171,Minor19,Minor,27/08/2017,M,524,A,RB,14.5,27.1,0,0,SEEN1,637,10633.01065,10633.01065,0,FALSE,08:30,150,TC,1.105639005,NA,NA,NA,NA,NA,NA,NA,NA,NA,NA,NA,NA,NA,NA,NA,NA,NA,NA,NA,NA,AA
Sample_42,Sample_42,Sample.42.FUN110,42,FUN110,110,110,Sample.97.110,97,6783,Z691373,EN/EX,110,10/09/2017,F,F,2017,25-Sep-17,15,26/01/2018,0.54,10237,159,1,CN,164,Major17,Major,26/04/2017,F,137,OFL,G,14.5,24.8,0,0,OFL,159,28316.13777,28316.13777,0,FALSE,12:13,373,DR,1.253057539,Y,4,16,0,1,0,0,0,1,0,1,0,1,3,9,1,1,0,1,0,AA
Sample_53,Sample_53,Sample.53.FUN135,53,FUN135,135,135,Sample.119.135,119,6785,Z691378,VE/VX,135,13/09/2017,F,F,2017,25-Sep-17,12,26/01/2018,0.0232,10254,140,1,CN,164,Major17,Major,13/12/2016,M,274,SA,LB,16.2,25.6,0,0,SEEN1,140,28077.51067,28077.51067,1,TRUE,10:20,260,DR,0.884511204,Y,6,36,1,0,1,0,0,1,0,1,1,1,2,4,1,1,0,0,0,CC
Sample_65,Sample_65,Sample.65.FUN158,65,FUN158,158,158,Sample.128.158,128,6786,Z691379,EN/WX,158,02/03/2018,F,F,2018,03-Apr-18,32,29/03/2019,0.13,10350,140,2,CN,166,Minor18,Minor,20/07/2017,M,225,SA,LB,15.2,25.5,0,0,ABX,140,19594.25121,19594.25121,1,TRUE,09:59,239,CBC,0.663383403,Y,3,9,0,1,0,1,1,0,0,0,0,0,3,9,1,1,1,0,0,AC
Sample_51,Sample_51,Sample.51.FUN131,51,FUN131,131,131,Sample.116.131,116,6788,Z691405,BE/NX,131,12/09/2017,F,F,2017,25-Sep-17,13,26/01/2018,0.0248,10261,167,1,CN,164,Major17,Major,12/12/2016,M,274,SA,LB,17.8,26.4,0,0,BrM,167,32175.18498,32175.18498,1,TRUE,17:17,677,DR,1.031929738,Y,2,4,0,0,0,1,1,0,0,0,0,0,4,16,1,1,0,0,1,AC
Sample_233,Sample_233,Sample.233.FUN438,233,FUN438,438,438,Sample.221.438,221,6831,Z691407,NV/MX,438,22/02/2019,F,F,2019,09-Apr-19,46,24/06/2020,0.052,10758,481,4,CN,171,Minor19,Minor,26/09/2017,M,514,A,LB,15.4,25.9,0,0,ABX,172,11256.23944,11256.23944,1,TRUE,09:00,180,TC,0.958220471,Y,6,36,0,1,0,1,1,1,0,1,0,1,2,4,1,1,0,0,0,AA
Sample_57,Sample_57,Sample.57.FUN141,57,FUN141,141,141,Sample.152.141,152,6833,Z691409,BO/MX,141,12/02/2018,F,F,2018,03-Apr-18,50,08/03/2019,0.716,10307,616,3,CN,166,Minor18,Minor,19/12/2017,F,55,FL,G,15.2,24.6,0,0,FL,616,NA,11682.59,1,TRUE,15:42,582,CBC,1.105639005,N,7,49,0,1,0,1,1,1,1,1,0,1,NA,NA,NA,NA,NA,NA,NA,AC
Sample_171,Sample_171,Sample.171.FUN358,171,FUN358,358,358,Sample.196.358,196,6834,Z691408,VY/MX,358,19/09/2018,F,F,2018,25-Sep-18,6,03/05/2019,0.05,10517,169,3,CN,167,Major18,Major,28/09/2017,M,356,SA,LB,16.8,26.4,0,0,AB,169,20983.13536,20983.13536,1,TRUE,09:40,220,TJB,0.884511204,N,6,36,0,1,0,1,1,1,0,1,0,1,NA,NA,NA,NA,NA,NA,NA,AA
Sample_153,Sample_153,Sample.153.FUN328,153,FUN328,328,328,Sample.271.328,271,6835,Z691410,NG/MX,328,11/09/2018,F,F,2018,25-Sep-18,14,22/02/2019,0.0436,10533,36,3,CN,167,Major18,Major,20/12/2017,M,265,SA,LB,16.8,27.1,0,0,AB,71,17438.83791,17438.83791,1,TRUE,11:05,305,CD,1.031929738,Y,5,25,0,1,0,0,0,1,0,1,0,1,2,4,1,1,0,0,0,AA
Sample_221,Sample_221,Sample.221.FUN421,221,FUN421,421,421,Sample.218.421,218,6836,Z691411,GB/MX,421,12/02/2019,F,F,2019,09-Apr-19,56,10/06/2020,1.56,10732,48,4,CN,171,Minor19,Minor,29/09/2017,F,501,A,RB,15,25.7,0,0,BrF,68,14898.79814,14898.79814,1,TRUE,15:25,565,TJB,0.589674136,Y,4,16,1,0,0,0,0,1,1,0,1,0,2,4,1,1,0,0,0,AA
Sample_278,Sample_278,Sample.278.FUN577,278,FUN577,577,577,Sample.21.577,21,6838,Z691415,BB/MX,577,12/08/2019,F,F,2019,25-Sep-19,44,07/07/2020,0.153,10873,100,4,CN,173,Major19,Major,05/10/2017,F,676,A,RB,15.9,25.5,0,0,BrF,100,24415.29252,24415.29252,1,TRUE,12:11,371,EC,0.958220471,NA,NA,NA,NA,NA,NA,NA,NA,NA,NA,NA,NA,NA,NA,NA,NA,NA,NA,NA,NA,AA
Sample_121,Sample_121,Sample.121.FUN269,121,FUN269,269,269,Sample.222.269,222,6840,Z691413,LW/MX,269,27/08/2018,F,F,2018,25-Sep-18,29,08/03/2019,0.084,10453,99,3,CN,167,Major18,Major,26/12/2017,F,244,A,RB,16.5,24.9,0,0,BrF,99,7201.899331,7201.899331,1,TRUE,10:18,258,TJB,1.105639005,Y,3,9,0,0,1,1,1,0,0,0,0,0,3,9,1,1,1,0,0,CC
Sample_56,Sample_56,Sample.56.FUN140,56,FUN140,140,140,Sample.262.140,262,6842,Z691417,NL/MX,140,20/02/2018,F,F,2018,03-Apr-18,42,29/03/2019,0.0344,10326,126,3,CN,166,Minor18,Minor,06/10/2017,F,137,OFL,LB,13.4,25.3,0,0,OFL,126,29052.8993,29052.8993,1,TRUE,11:34,334,CBC,1.179348272,Y,6,36,1,1,0,0,0,1,0,1,1,1,2,4,1,1,0,0,0,AA
Sample_290,Sample_290,Sample.290.FUN610,290,FUN610,610,610,Sample.230.610,230,6843,Z691418,GB/SX,610,16/09/2019,F,F,2019,25-Sep-19,9,28/07/2020,0.0924,10900,95,4,CN,173,Major19,Major,08/10/2017,F,708,A,RB,NA,NA,0,-1,BrF,95,45657.07931,45657.07931,1,TRUE,08:00,120,TC,1.47418534,Y,6,36,0,1,0,1,1,1,0,1,0,1,2,4,1,1,0,0,0,AA
Sample_177,Sample_177,Sample.177.FUN367,177,FUN367,367,367,Sample.160.367,160,6844,Z691419,YN/MX,367,25/01/2019,F,F,2019,09-Apr-19,74,10/06/2020,0.066,10708,86,4,CN,171,Minor19,Minor,08/10/2017,M,474,SA,LB,15.3,25.9,0,0,SEEN1,86,872.5929648,872.5929648,1,TRUE,07:50,110,TJB,1.031929738,Y,6,36,0,1,0,1,1,1,0,1,0,1,2,4,1,1,0,0,0,AA
Sample_61,Sample_61,Sample.61.FUN150,61,FUN150,150,150,Sample.134.150,134,6846,Z691421,WY/MX,150,24/02/2018,F,F,2018,03-Apr-18,38,07/03/2019,0.0424,10339,71,2,CN,166,Minor18,Minor,23/02/2017,F,366,A,RB,15.3,25.6,0,0,SEEN1,71,49520.59528,49520.59528,1,TRUE,09:46,226,CBC,1.031929738,Y,5,25,0,1,0,0,0,1,1,0,0,1,3,9,1,1,0,1,0,CC
Sample_59,Sample_59,Sample.59.FUN145,59,FUN145,145,145,Sample.133.145,133,6847,Z691420,OV/SX,145,24/02/2018,F,F,2018,03-Apr-18,38,29/03/2019,0.0524,10340,53,2,CN,166,Minor18,Minor,10/10/2017,F,137,OFL,LB,14.5,24.5,0,0,OFL,53,24758.2473,24758.2473,1,TRUE,08:04,124,TJB,1.253057539,Y,3,9,0,0,1,1,1,0,0,0,0,0,2,4,1,1,0,0,0,AA
Sample_63,Sample_63,Sample.63.FUN153,63,FUN153,153,153,Sample.215.153,215,6849,Z691425,OW/YX,153,28/02/2018,F,F,2018,03-Apr-18,34,15/03/2019,0.0252,10344,159,3,CN,166,Minor18,Minor,14/10/2017,F,137,OFL,LB,13.7,24.8,0,0,OFL,159,32432.59785,32432.59785,1,TRUE,11:44,344,TJB,0.884511204,Y,4,16,0,0,1,1,1,0,0,0,0,0,3,9,1,1,1,0,0,AC
Sample_64,Sample_64,Sample.64.FUN156,64,FUN156,156,156,Sample.161.156,161,6850,Z691423,NG/BX,156,02/03/2018,F,F,2018,03-Apr-18,32,12/04/2019,0.046,10351,140,3,CN,166,Minor18,Minor,02/03/2017,M,365,A,RB,15.7,25.6,0,0,FLOAT,-3,NA,NA,1,TRUE,09:47,227,TJB,0.884511204,N,2,4,0,0,0,1,1,0,0,0,0,0,NA,NA,NA,NA,NA,NA,NA,AA
Sample_84,Sample_84,Sample.84.FUN202,84,FUN202,202,202,Sample.21.202,21,6851,Z691428,SA/BX,202,11/07/2018,F,F,2018,25-Sep-18,76,29/03/2019,0.145,10403,154,2,CN,167,Major18,Major,09/01/2018,F,183,OFL,G,14.1,25,0,0,AB,154,5888.01589,5888.01589,1,TRUE,11:35,335,AVE,1.326766806,Y,6,36,1,1,0,0,0,1,1,0,1,0,5,25,1,1,1,1,0,AA
Sample_67,Sample_67,Sample.67.FUN163,67,FUN163,163,163,Sample.223.163,223,6852,Z691427,SA/MX,163,05/03/2018,F,F,2018,03-Apr-18,29,13/02/2019,0.084,10362,140,3,CN,166,Minor18,Minor,04/06/2017,F,274,SA,LB,14,25,0,0,SEEN1,140,19594.25121,19594.25121,1,TRUE,10:05,245,CBC,1.253057539,Y,6,36,0,1,0,1,1,1,0,1,0,1,4,16,1,1,1,1,0,AA
Sample_89,Sample_89,Sample.89.FUN212,89,FUN212,212,212,Sample.81.212,81,6854,Z691430,OS/KX,212,17/07/2018,F,F,2018,25-Sep-18,70,12/04/2019,0.0202,10406,75,2,CN,167,Major18,Major,11/01/2018,M,187,OFL,G,15.7,25.7,0,0,H,75,14017.36236,14017.36236,1,TRUE,10:52,292,AVE,1.105639005,N,6,36,0,1,0,1,1,1,0,1,0,1,NA,NA,NA,NA,NA,NA,NA,AC
Sample_86,Sample_86,Sample.86.FUN205,86,FUN205,205,205,Sample.127.205,127,6855,Z691431,LY/MX,205,10/07/2018,F,F,2018,25-Sep-18,77,22/02/2019,0.001,NA,618,2,CN,167,Major18,Major,11/01/2018,M,180,OFL,NA,NA,NA,NA,NA,AB,618,9718.462169,9718.462169,0,FALSE,16:57,657,CD,0.810801937,Y,6,36,0,1,0,1,1,1,0,1,0,1,2,4,1,1,0,0,0,AC
Sample_93,Sample_93,Sample.93.FUN218,93,FUN218,218,218,Sample.102.218,102,6856,Z691432,EV/SX,218,23/07/2018,F,F,2018,25-Sep-18,64,16/05/2019,0.0816,10424,48,2,CN,167,Major18,Major,14/01/2018,F,190,SA,RB,15.1,23.9,0,0,H,64,8147.508336,8147.508336,1,TRUE,16:49,649,TJB,1.105639005,Y,5,25,1,0,0,1,1,1,0,0,1,0,3,9,1,1,0,0,1,AA
Sample_128,Sample_128,Sample.128.FUN279,128,FUN279,279,279,Sample.50.279,50,6857,Z691435,GE/NX,279,30/08/2018,F,F,2018,25-Sep-18,26,11/04/2019,0.103,10478,8,2,CN,167,Major18,Major,07/02/2018,M,204,SA,LB,15.7,26,0,0,ABX,739,NA,9523.5,1,TRUE,15:45,585,TJB,1.031929738,Y,6,36,0,1,0,1,1,1,1,1,0,0,4,16,1,1,0,0,1,AC
Sample_155,Sample_155,Sample.155.FUN331,155,FUN331,331,331,Sample.260.331,260,6859,Z691434,YV/SX,331,12/09/2018,F,F,2018,25-Sep-18,13,11/04/2019,0.03,10501,8,3,CN,167,Major18,Major,06/02/2018,M,218,SA,LB,14.9,26.4,0,0,OFL,2,9115.13306,9115.13306,1,TRUE,08:41,161,CD,1.031929738,Y,7,49,1,1,0,0,0,1,0,1,1,1,2,4,1,1,0,0,0,AC
Sample_74,Sample_74,Sample.74.FUN175,74,FUN175,175,175,Sample.97.175,97,6860,Z691436,GW/SX,175,29/06/2018,F,F,2018,25-Sep-18,88,22/03/2019,0.0176,10385,173,2,CN,167,Major18,Major,12/02/2018,M,137,OFL,G,14.8,26,0,0,OFL,173,20325.88215,20325.88215,1,TRUE,16:55,655,MH,0.663383403,Y,6,36,0,1,0,1,1,1,0,1,0,1,2,4,1,1,0,0,0,AA
Sample_203,Sample_203,Sample.203.FUN400,203,FUN400,400,400,Sample.150.400,150,6861,Z691437,VO/SX,400,05/02/2019,F,F,2019,09-Apr-19,63,08/07/2020,0.07,10730,157,4,CN,171,Minor19,Minor,13/02/2018,F,357,A,RB,15.1,25.2,0,0,BrF,178,7804.143159,7804.143159,1,TRUE,14:50,530,TJB,1.179348272,Y,5,25,0,1,0,0,0,1,1,0,0,1,3,9,1,1,0,1,0,AA
Sample_75,Sample_75,Sample.75.FUN178,75,FUN178,178,178,Sample.1.178,1,6862,Z691438,NW/SX,178,30/06/2018,F,F,2018,25-Sep-18,87,29/03/2019,0.028,10387,127,2,CN,167,Major18,Major,29/09/2017,M,274,SA,LB,16,26.3,0,0,OFL,127,18130.85927,18130.85927,1,TRUE,09:45,225,MH,1.031929738,Y,4,16,0,0,1,1,1,0,0,0,0,0,5,25,1,1,1,1,0,AA
Sample_232,Sample_232,Sample.232.FUN437,232,FUN437,437,437,Sample.205.437,205,6863,Z691446,YO/MX,437,22/02/2019,F,F,2019,09-Apr-19,46,18/06/2020,0.0376,10759,36,4,CN,171,Minor19,Minor,10/05/2018,M,288,SA,LB,14.9,26.1,0,0,ABX,746,2366.128531,2366.128531,1,TRUE,09:35,215,TJB,0.958220471,Y,6,36,1,0,0,1,1,1,1,0,1,0,3,9,1,1,0,0,1,AC
Sample_77,Sample_77,Sample.77.FUN184,77,FUN184,184,184,Sample.278.184,278,6864,Z691445,EN/SX,184,04/07/2018,F,F,2018,25-Sep-18,83,29/03/2019,0.279,10395,20,3,CN,167,Major18,Major,03/10/2017,M,274,SA,LB,16.1,26.4,0,0,H,20,14268.5036,14268.5036,1,TRUE,08:13,133,MH,1.105639005,Y,6,36,0,1,0,1,1,1,0,1,0,1,2,4,1,1,0,0,0,AA
Sample_247,Sample_247,Sample.247.FUN455,247,FUN455,455,455,Sample.195.455,195,6865,Z691447,VE/SX,455,27/06/2019,F,F,2019,25-Sep-19,90,08/07/2020,0.58,10845,43,4,CN,173,Major19,Major,13/05/2018,M,410,A,RB,16.2,26.1,0,0,BrM,28,10831.76775,10831.76775,1,TRUE,13:59,479,CBC,0.884511204,Y,6,36,0,1,0,1,1,1,0,1,0,1,3,9,1,1,0,0,1,AA
Sample_79,Sample_79,Sample.79.FUN189,79,FUN189,189,189,Sample.106.189,106,6867,Z691444,EB/GX,189,03/07/2018,F,F,2018,25-Sep-18,84,07/03/2019,0.0124,10398,159,2,CN,167,Major18,Major,16/02/2018,M,137,OFL,G,16.3,27,0,0,H,159,4615.714884,4615.714884,1,TRUE,12:59,419,MH,0.73709267,Y,3,9,0,0,1,0,0,0,0,1,0,1,4,16,1,1,1,1,0,AC
Sample_78,Sample_78,Sample.78.FUN185,78,FUN185,185,185,Sample.258.185,258,6868,Z691441,OG/MX,185,03/07/2018,F,F,2018,25-Sep-18,84,17/05/2019,0.0784,10399,98,3,CN,167,Major18,Major,16/02/2018,M,137,OFL,G,15.6,26.4,0,0,OFL,98,4431.286857,4431.286857,1,TRUE,09:55,235,MH,0.958220471,Y,2,4,0,0,1,0,0,0,0,1,0,0,5,25,1,1,1,1,0,AA
Sample_76,Sample_76,Sample.76.FUN182,76,FUN182,182,182,Sample.48.182,48,6869,Z691440,LE/WX,182,03/07/2018,F,F,2018,25-Sep-18,84,03/05/2019,0.0226,10400,85,2,CN,167,Major18,Major,16/02/2018,F,137,OFL,G,14.8,25.3,0,0,OFL,85,8887.824048,8887.824048,0,FALSE,08:20,140,MH,1.105639005,Y,6,36,0,1,1,0,0,1,0,1,0,1,4,16,1,1,1,1,0,AA
Sample_183,Sample_183,Sample.183.FUN373,183,FUN373,373,373,Sample.4.373,4,6870,Z691439,WV/VX,373,30/01/2019,F,F,2019,09-Apr-19,69,30/06/2020,0.164,10718,24,4,CN,171,Minor19,Minor,15/02/2018,M,349,A,RB,15.5,25.2,0,0,ABX,407,3359.680255,3359.680255,1,TRUE,10:55,295,TC,1.179348272,Y,6,36,0,1,0,1,1,1,0,1,0,1,3,9,1,1,1,0,0,AC
Sample_88,Sample_88,Sample.88.FUN211,88,FUN211,211,211,Sample.82.211,82,6872,Z691448,BO/OX,211,17/07/2018,F,F,2018,25-Sep-18,70,13/02/2019,0.0218,10411,112,2,CN,167,Major18,Major,16/10/2017,F,274,SA,LB,14,24,0,0,OFL,112,4890.587111,4890.587111,0,FALSE,10:15,255,AVE,0.663383403,Y,6,36,0,1,0,1,1,1,0,1,0,1,2,4,1,1,0,0,0,AC
Sample_97,Sample_97,Sample.97.FUN221,97,FUN221,221,221,Sample.140.221,140,6873,Z691449,NW/MX,221,23/07/2018,F,F,2018,25-Sep-18,64,05/04/2019,0.117,10412,68,2,CN,167,Major18,Major,22/10/2017,F,274,SA,LB,15.6,25.4,0,0,AB,68,16511.75724,16511.75724,1,TRUE,15:22,562,AVE,1.400476073,Y,7,49,0,1,0,1,1,1,0,1,0,1,2,4,1,1,0,0,0,AA
Sample_99,Sample_99,Sample.99.FUN224,99,FUN224,224,224,Sample.139.224,139,6874,Z691452,OY/BX,224,25/07/2018,F,F,2018,25-Sep-18,62,13/02/2019,0.0476,10413,126,2,CN,167,Major18,Major,10/03/2018,F,137,OFL,G,15.5,23.9,0,-1,H,126,30405.1044,30405.1044,1,TRUE,11:51,351,TJB,1.179348272,Y,5,25,1,0,0,1,1,1,0,0,1,0,3,9,1,1,1,0,0,AA
Sample_96,Sample_96,Sample.96.FUN220,96,FUN220,220,220,Sample.105.220,105,6875,Z691450,BW/GX,220,25/07/2018,F,F,2018,25-Sep-18,62,17/05/2019,0.164,10414,62,2,CN,167,Major18,Major,24/10/2017,F,274,SA,LB,14,24.6,0,0,ABX,62,25238.20257,25238.20257,1,TRUE,08:42,162,AVE,1.179348272,N,NA,NA,NA,NA,NA,NA,NA,NA,NA,NA,NA,NA,4,16,1,1,0,0,1,AC
Sample_91,Sample_91,Sample.91.FUN214,91,FUN214,214,214,Sample.176.214,176,6876,Z691451,LE/OX,214,25/07/2018,F,F,2018,25-Sep-18,62,29/03/2019,0.0568,10415,55,3,CN,167,Major18,Major,10/03/2018,F,137,OFL,G,14.7,23.5,0,0,OFL,55,16000.94213,16000.94213,1,TRUE,09:09,189,TJB,1.105639005,Y,2,4,0,0,0,1,1,0,0,0,0,0,2,4,1,1,0,0,0,AC
Sample_237,Sample_237,Sample.237.FUN444,237,FUN444,444,444,Sample.64.444,64,6877,Z691459,LL/MX,444,25/02/2019,F,F,2019,09-Apr-19,43,30/06/2020,0.0284,10772,481,4,CN,171,Minor19,Minor,13/06/2018,M,257,SA,LB,15.5,26.9,0,0,ABX,481,2680.962732,2680.962732,1,TRUE,16:25,625,TJB,0.810801937,Y,5,25,0,1,0,0,0,1,1,1,0,1,2,4,1,1,0,0,0,AA
Sample_104,Sample_104,Sample.104.FUN237,104,FUN237,237,237,Sample.275.237,275,6878,Z691458,BY/GX,237,04/08/2018,F,F,2018,25-Sep-18,52,12/04/2019,0.154,10417,602,3,CN,167,Major18,Major,10/05/2018,M,86,SA,LB,15.3,25.9,0,0,H,602,57427.75996,57427.75996,1,TRUE,10:21,261,AVE,1.253057539,Y,6,36,0,0,1,1,1,0,0,1,0,0,3,9,1,1,1,0,0,AA
Sample_186,Sample_186,Sample.186.FUN378,186,FUN378,378,378,Sample.85.378,85,6879,Z691457,NE/SX,378,29/01/2019,F,F,2019,09-Apr-19,70,16/07/2020,0.134,10704,71,4,CN,171,Minor19,Minor,10/06/2018,F,233,SA,LB,14.2,24.6,0,0,ABX,71,9215.968752,9215.968752,1,TRUE,16:04,604,TJB,1.179348272,Y,7,49,1,1,0,0,0,1,0,1,1,1,2,4,1,1,0,0,0,AA
Sample_194,Sample_194,Sample.194.FUN387,194,FUN387,387,387,Sample.212.387,212,6881,Z691454,LO/LX,387,02/02/2019,F,F,2019,09-Apr-19,66,07/07/2020,0.104,10783,738,4,CN,171,Minor19,Minor,15/03/2018,F,324,SA,LB,13.9,24.2,0,0,ABX,77,23049.25535,23049.25535,1,TRUE,08:58,178,TJB,0.810801937,Y,5,25,1,1,0,0,0,1,0,0,1,0,3,9,1,1,1,0,0,AC
Sample_193,Sample_193,Sample.193.FUN387R,193,FUN387R,387R,387R,Sample.203.387R,203,6881,Z691454,LO/LX,387,02/02/2019,F,F,2019,09-Apr-19,66,07/07/2020,0.104,10783,738,4,CN,171,Minor19,Minor,15/03/2018,F,324,SA,LB,13.9,24.2,0,0,ABX,77,23049.25535,23049.25535,1,TRUE,08:58,178,TJB,0.810801937,Y,5,25,1,1,0,0,0,1,0,0,1,0,3,9,1,1,1,0,0,AC
Sample_270,Sample_270,Sample.270.FUN567,270,FUN567,567,567,Sample.117.567,117,6882,Z691455,LV/WX,567,25/07/2019,F,F,2019,25-Sep-19,62,27/07/2020,0.001,10864,94,4,CN,173,Major19,Major,08/06/2018,F,412,A,RB,14.5,24.4,0,0,FLOAT,-3,NA,NA,1,TRUE,15:00,540,MJB,1.47418534,Y,5,25,0,1,0,1,1,1,0,1,0,0,3,9,1,1,1,0,0,AA
Sample_229,Sample_229,Sample.229.FUN434,229,FUN434,434,434,Sample.167.434,167,6884,Z691466,NE/OX,434,21/02/2019,F,F,2019,09-Apr-19,47,16/07/2020,0.001,10760,NA,4,CN,171,Minor19,Minor,20/11/2017,M,458,A,LB,14.6,26.7,0,0,ABX,47,25750.59789,25750.59789,1,TRUE,09:30,210,TC,1.031929738,Y,4,16,0,1,0,0,0,1,0,1,0,1,4,16,1,1,1,1,0,AA
Sample_275,Sample_275,Sample.275.FUN573,275,FUN573,573,573,Sample.196.573,196,6886,Z691465,YV/MX,573,06/08/2019,F,F,2019,25-Sep-19,50,08/07/2020,0.102,10866,58,4,CN,173,Major19,Major,06/08/2018,M,365,SA,LB,16.8,26.1,0,0,ABX,58,7998.250111,7998.250111,1,TRUE,16:15,615,MJB,0.884511204,Y,6,36,0,1,0,1,1,1,0,1,0,1,2,4,1,1,0,0,0,AA
Sample_208,Sample_208,Sample.208.FUN405,208,FUN405,405,405,Sample.227.405,227,6887,Z691463,GN/GX,405,06/02/2019,F,F,2019,09-Apr-19,62,15/07/2020,0.076,10735,99,4,CN,171,Minor19,Minor,16/11/2017,M,447,A,RB,16.2,27,0,0,ABX,637,10633.01065,10633.01065,1,TRUE,15:15,555,TJB,0.663383403,Y,7,49,0,1,1,1,1,1,0,1,0,1,2,4,1,1,0,0,0,AA
Sample_118,Sample_118,Sample.118.FUN261,118,FUN261,261,261,Sample.79.261,79,6888,Z691469,GL/WX,261,23/08/2018,F,F,2018,25-Sep-18,33,07/03/2019,0.228,10437,618,2,CN,167,Major18,Major,22/11/2017,F,274,SA,LB,13.5,23.7,-1,0,AB,618,9718.462169,9718.462169,1,TRUE,09:09,189,AVE,0.958220471,Y,4,16,0,1,0,0,0,1,0,1,0,1,3,9,1,1,0,1,0,AA
Sample_119,Sample_119,Sample.119.FUN262,119,FUN262,262,262,Sample.219.262,219,6889,Z691470,GB/LX,262,23/08/2018,F,F,2018,25-Sep-18,33,11/04/2019,0.0876,10438,45,3,CN,167,Major18,Major,08/04/2018,M,137,SA,LB,15.5,25.4,0,0,AB,45,16757.83211,16757.83211,1,TRUE,12:30,390,TJB,0.884511204,Y,2,4,0,0,0,1,1,0,0,0,0,0,3,9,1,1,0,0,1,AC
Sample_114,Sample_114,Sample.114.FUN256,114,FUN256,256,256,Sample.41.256,41,6890,Z691467,BB/NX,256,22/08/2018,F,F,2018,25-Sep-18,34,17/05/2019,0.0908,10439,531,2,CN,167,Major18,Major,28/06/2018,M,55,FL,G,15.2,26,0,0,OFL,531,9602.271107,9602.271107,1,TRUE,08:40,160,TJB,0.884511204,Y,5,25,0,1,0,1,0,1,1,1,0,0,3,9,1,1,1,0,0,AA
Sample_117,Sample_117,Sample.117.FUN260,117,FUN260,260,260,Sample.120.260,120,6891,Z691468,VG/YX,260,22/08/2018,F,F,2018,25-Sep-18,34,27/02/2019,0.127,10440,75,2,CN,167,Major18,Major,28/06/2018,F,55,FL,G,13.1,23.6,0,0,FL,75,14017.36236,14017.36236,1,TRUE,10:51,291,CD,0.884511204,Y,2,4,0,0,1,1,0,0,0,0,0,0,5,25,1,1,1,1,0,CC
Sample_261,Sample_261,Sample.261.FUN555,261,FUN555,555,555,Sample.185.555,185,6892,Z691471,WG/MX,555,04/08/2019,F,F,2019,25-Sep-19,52,19/07/2020,0.131,10881,137,4,CN,173,Major19,Major,09/04/2018,M,482,A,RB,16.7,26.3,0,0,BrM,137,28130.0262,28130.0262,1,TRUE,10:19,259,EC,1.179348272,Y,6,36,1,0,0,0,0,1,1,0,1,0,1,1,1,0,0,0,0,AA
Sample_106,Sample_106,Sample.106.FUN242,106,FUN242,242,242,Sample.32.242,32,6893,Z691462,GN/OX,242,15/08/2018,F,F,2018,25-Sep-18,41,27/02/2019,0.038,10443,63,2,CN,167,Major18,Major,21/06/2018,M,55,FL,G,14.2,25.9,0,0,OFL,63,11140.89485,11140.89485,1,TRUE,10:22,262,TJB,1.031929738,Y,6,36,1,0,0,1,1,1,1,0,1,0,3,9,1,1,0,0,1,AA
Sample_154,Sample_154,Sample.154.FUN330,154,FUN330,330,330,Sample.46.330,46,6894,Z691460,EO/SX,330,12/09/2018,F,F,2018,25-Sep-18,13,07/03/2019,0.0368,10500,8,2,CN,167,Major18,Major,25/03/2018,M,171,SA,LB,15.8,27,0,0,OFL,172,5998.698847,5998.698847,1,TRUE,08:41,161,TJB,1.031929738,Y,7,49,0,1,0,1,0,1,0,1,0,1,2,4,1,1,0,0,0,AA
Sample_87,Sample_87,Sample.87.FUN206,87,FUN206,206,206,Sample.172.206,172,6895,Z691461,OE/MX,206,09/08/2018,F,F,2018,25-Sep-18,47,27/02/2019,0.138,10451,15,3,CN,167,Major18,Major,08/11/2017,M,274,SA,LB,15.5,26,0,0,ABX,15,8842.002065,8842.002065,1,TRUE,16:45,645,TJB,0.958220471,Y,5,25,0,1,0,1,0,1,0,1,0,1,4,16,1,1,1,1,0,AA
Sample_205,Sample_205,Sample.205.FUN402,205,FUN402,402,402,Sample.181.402,181,6896,Z691472,GL/MX,402,05/02/2019,F,F,2019,09-Apr-19,63,09/07/2020,0.104,10739,36,4,CN,171,Minor19,Minor,26/06/2018,M,224,SA,LB,14.9,25.6,0,0,ABX,36,7617.590248,7617.590248,1,TRUE,09:05,185,TC,1.031929738,Y,4,16,0,1,0,0,0,1,1,1,0,0,5,25,1,1,1,1,0,CC
Sample_139,Sample_139,Sample.139.FUN295,139,FUN295,295,295,Sample.125.295,125,6897,Z691473,VL/EX,295,03/09/2018,F,F,2018,25-Sep-18,22,11/04/2019,0.197,10475,738,2,CN,167,Major18,Major,26/11/2017,M,281,SA,LB,16.1,27.2,0,0,ABX,738,12291.87718,12291.87718,1,TRUE,11:07,307,CD,0.810801937,Y,6,36,0,1,0,1,1,1,0,1,0,1,2,4,1,1,0,0,0,AA
Sample_146,Sample_146,Sample.146.FUN311,146,FUN311,311,311,Sample.42.311,42,6898,Z691483,OB/YX,311,07/09/2018,F,F,2018,25-Sep-18,18,05/04/2019,0.8,10485,177,2,CN,167,Major18,Major,14/07/2018,M,55,FL,G,14,25.7,0,0,FL,177,8478.695197,8478.695197,1,TRUE,11:11,311,AVE,0.663383403,Y,4,16,0,0,1,1,1,0,0,0,0,0,3,9,1,1,1,0,0,AC
Sample_148,Sample_148,Sample.148.FUN315,148,FUN315,315,315,Sample.36.315,36,6899,Z691485,EO/VX,315,07/09/2018,F,F,2018,25-Sep-18,18,11/04/2019,0.104,10486,739,2,CN,167,Major18,Major,14/07/2018,M,55,FL,G,12.7,26.2,0,0,FL,739,NA,9523.5,0,FALSE,15:02,542,CD,1.105639005,Y,5,25,0,1,0,0,0,1,1,1,0,1,2,4,1,1,0,0,0,AC
Sample_248,Sample_248,Sample.248.FUN456,248,FUN456,456,456,Sample.206.456,206,6900,Z691487,NE/MX,456,04/03/2019,F,F,2019,09-Apr-19,36,18/06/2020,0.032,10782,740,4,CN,171,Minor19,Minor,07/12/2017,M,452,A,RB,16.9,26.4,0,0,BrM,172,11256.23944,11256.23944,1,TRUE,12:00,360,TJB,0.884511204,Y,3,9,0,0,1,1,1,0,0,0,0,0,3,9,1,1,1,0,0,AC
Sample_288,Sample_288,Sample.288.FUN600,288,FUN600,600,600,Sample.77.600,77,6901,Z691486,EE/MX,600,01/09/2019,F,F,2019,25-Sep-19,24,12/06/2020,0.001,10884,1,4,CN,173,Major19,Major,14/07/2018,F,414,A,RB,15,23.3,0,0,H,1,7952.586236,7952.586236,0,FALSE,14:27,507,EC,0.663383403,Y,6,36,0,1,0,1,1,1,1,1,0,0,2,4,1,1,0,0,0,AA
Sample_147,Sample_147,Sample.147.FUN313,147,FUN313,313,313,Sample.188.313,188,6902,Z691484,WV/SX,313,07/09/2018,F,F,2018,25-Sep-18,18,27/02/2019,0.307,10489,140,3,CN,167,Major18,Major,07/12/2017,F,274,SA,LB,15,24.8,0,-1,BrF,140,9349.680209,9349.680209,1,TRUE,11:47,347,CD,0.884511204,Y,4,16,0,1,1,0,0,0,0,1,0,1,4,16,1,1,1,1,0,AC
Sample_129,Sample_129,Sample.129.FUN280,129,FUN280,280,280,Sample.261.280,261,6903,Z691475,GN/MX,280,30/08/2018,F,F,2018,25-Sep-18,26,15/03/2019,0.122,10491,13,3,CN,167,Major18,Major,06/07/2018,M,55,FL,G,15.7,27.4,0,0,FL,13,12804.75976,12804.75976,1,TRUE,16:05,605,CD,0.884511204,Y,4,16,0,1,0,0,0,1,0,1,0,1,3,9,1,1,0,1,0,AA
Sample_123,Sample_123,Sample.123.FUN273,123,FUN273,273,273,Sample.129.273,129,6904,Z691474,WV/MX,273,30/08/2018,F,F,2018,25-Sep-18,26,12/04/2019,0.0708,10492,9,2,CN,167,Major18,Major,29/11/2017,F,274,SA,LB,15.4,23.8,0,0,ABX,9,7624.434442,7624.434442,1,TRUE,09:30,210,TJB,1.031929738,Y,6,36,0,1,0,1,1,1,0,1,0,1,2,4,1,1,0,0,0,AC
Sample_126,Sample_126,Sample.126.FUN276,126,FUN276,276,276,Sample.205.276,205,6905,Z691476,NY/MX,276,01/09/2018,F,F,2018,25-Sep-18,24,22/02/2019,0.864,10493,407,3,CN,167,Major18,Major,16/07/2018,F,47,FL,G,13.9,23.8,0,0,FL,407,7117.38763,7117.38763,1,TRUE,09:19,199,AVE,1.031929738,Y,5,25,0,1,1,0,0,1,0,1,0,1,4,16,1,1,1,1,0,AA
Sample_136,Sample_136,Sample.136.FUN292,136,FUN292,292,292,Sample.18.292,18,6906,Z691477,VB/SX,292,01/09/2018,F,F,2018,25-Sep-18,24,22/02/2019,0.0488,10494,24,2,CN,167,Major18,Major,17/04/2018,M,137,OFL,G,15.5,25.9,0,0,H,24,6386.185174,6386.185174,1,TRUE,11:27,327,TJB,1.031929738,Y,5,25,1,0,0,1,1,1,1,0,0,0,2,4,1,1,0,0,0,AC
Sample_160,Sample_160,Sample.160.FUN338,160,FUN338,338,338,Sample.201.338,201,6907,Z691492,EW/WX,338,13/09/2018,F,F,2018,25-Sep-18,12,17/05/2019,0.0276,10495,160,3,CN,167,Major18,Major,20/07/2018,F,55,FL,G,15,24.5,0,0,FL,160,5894.063604,5894.063604,0,FALSE,11:29,329,CD,1.105639005,Y,5,25,0,0,1,1,1,0,0,1,0,1,1,1,1,0,0,0,0,CC
Sample_159,Sample_159,Sample.159.FUN337,159,FUN337,337,337,Sample.141.337,141,6908,Z691491,NO/MX,337,13/09/2018,F,F,2018,25-Sep-18,12,08/03/2019,0.153,10496,134,3,CN,167,Major18,Major,13/12/2017,M,274,SA,LB,13.9,25.6,0,0,AB,134,5065.94312,5065.94312,0,FALSE,11:29,329,TJB,1.179348272,Y,2,4,0,0,0,1,1,0,0,0,0,0,4,16,1,1,0,0,1,AC
Sample_156,Sample_156,Sample.156.FUN334,156,FUN334,334,334,Sample.59.334,59,6909,Z691489,LL/NX,334,12/09/2018,F,F,2018,25-Sep-18,13,12/04/2019,0.177,10503,8,2,CN,167,Major18,Major,12/12/2017,F,274,SA,LB,14.2,24.4,0,0,ABX,8,13252.40177,13252.40177,1,TRUE,10:10,250,CD,1.179348272,Y,6,36,0,1,0,1,1,1,0,1,0,1,2,4,1,1,0,0,0,AC
Sample_276,Sample_276,Sample.276.FUN575,276,FUN575,575,575,Sample.228.575,228,6910,Z691482,VV/MX,575,17/08/2019,F,F,2019,25-Sep-19,39,16/07/2020,0.015,10875,616,4,CN,173,Major19,Major,17/07/2018,M,396,A,RB,17.8,26.6,0,0,ABX,616,4431.095525,4431.095525,1,TRUE,16:22,622,EC,1.179348272,Y,6,36,0,1,1,1,0,1,0,1,0,1,3,9,1,1,0,1,0,AC
Sample_140,Sample_140,Sample.140.FUN297,140,FUN297,297,297,Sample.124.297,124,6911,Z691481,LB/SX,297,04/09/2018,F,F,2018,25-Sep-18,21,22/03/2019,0.588,10505,128,2,CN,167,Major18,Major,11/07/2018,M,55,FL,G,14,25.3,0,0,FL,128,19708.39647,19708.39647,1,TRUE,11:00,300,TJB,0.884511204,Y,4,16,0,1,0,0,0,1,0,1,0,1,4,16,1,1,0,1,0,AA
Sample_130,Sample_130,Sample.130.FUN281,130,FUN281,281,281,Sample.246.281,246,6912,Z691480,NB/MX,281,04/09/2018,F,F,2018,25-Sep-18,21,22/03/2019,0.0832,10506,59,3,CN,167,Major18,Major,04/07/2018,M,62,FL,G,14.1,25.8,0,0,FL,59,15353.44527,15353.44527,1,TRUE,08:24,144,AVE,1.253057539,Y,2,4,0,0,0,1,1,0,0,0,0,0,3,9,1,1,0,0,1,AC
Sample_166,Sample_166,Sample.166.FUN348,166,FUN348,348,348,Sample.87.348,87,6913,Z691498,/OX,348,17/09/2018,F,F,2018,25-Sep-18,8,15/03/2019,0.0584,10507,96,2,CN,167,Major18,Major,12/07/2018,M,67,FL,G,NA,24.4,0,0,FL,96,10233.73368,10233.73368,0,FALSE,09:14,194,CD,0.884511204,Y,4,16,0,1,0,0,0,1,0,1,0,1,2,4,1,1,0,0,0,AA
Sample_260,Sample_260,Sample.260.FUN553,260,FUN553,553,553,Sample.152.553,152,6914,Z691499,EN/BX,553,19/07/2019,F,F,2019,25-Sep-19,68,09/07/2020,0.0244,10857,100,4,CN,173,Major19,Major,15/06/2018,M,399,A,RB,NA,26,0,0,ABX,86,68212.72095,68212.72095,1,TRUE,08:46,166,MJB,0.958220471,Y,5,25,0,1,0,0,0,1,0,1,0,1,2,4,1,1,0,0,0,AA
Sample_173,Sample_173,Sample.173.FUN361,173,FUN361,361,361,Sample.160.361,160,6916,Z691150,EN/MX,361,20/09/2018,F,F,2018,25-Sep-18,5,22/02/2019,0.167,10519,169,3,CN,167,Major18,Major,27/07/2018,F,55,FL,G,13.3,23.8,0,0,FL,169,20983.13536,20983.13536,1,TRUE,09:10,190,TJB,0.810801937,Y,4,16,0,1,0,0,0,1,0,1,0,1,2,4,1,1,0,0,0,AC
Sample_174,Sample_174,Sample.174.FUN362,174,FUN362,362,362,Sample.72.362,72,6917,Z691149,EG/MX,362,20/09/2018,F,F,2018,25-Sep-18,5,08/03/2019,0.0228,10520,169,2,CN,167,Major18,Major,19/09/2017,F,366,A,RB,13.9,24,0,0,SEEN1,169,20983.13536,20983.13536,1,TRUE,08:00,120,TJB,0.589674136,N,NA,NA,NA,NA,NA,NA,NA,NA,NA,NA,NA,NA,3,9,1,1,0,0,1,AA
Sample_190,Sample_190,Sample.190.FUN383,190,FUN383,383,383,Sample.147.383,147,6918,Z691151,VE/MX,383,01/02/2019,F,F,2019,09-Apr-19,67,18/06/2020,0.152,10721,50,4,CN,171,Minor19,Minor,17/07/2018,M,199,SA,LB,14.9,28,0,0,ABX,618,10814.7777,10814.7777,1,TRUE,15.19,559,TC,0.958220471,Y,6,36,0,1,0,1,1,1,0,1,0,1,2,4,1,1,0,0,0,AC
Sample_287,Sample_287,Sample.287.FUN597,287,FUN597,597,597,Sample.39.597,39,6919,Z691152,LV/SX,597,17/09/2019,F,F,2019,25-Sep-19,8,20/07/2020,0.0468,10901,50,4,CN,173,Major19,Major,17/07/2018,F,427,A,RB,15.6,25.7,0,0,ABX,618,23689.64378,23689.64378,1,TRUE,14:50,530,TC,1.105639005,N,NA,NA,NA,NA,NA,NA,NA,NA,NA,NA,NA,NA,NA,NA,NA,NA,NA,NA,NA,AA
Sample_269,Sample_269,Sample.269.FUN564,269,FUN564,564,564,Sample.68.564,68,6920,Z691497,GW/MX,564,20/07/2019,F,F,2019,25-Sep-19,67,16/07/2020,0.203,10859,618,4,CN,173,Major19,Major,18/07/2018,F,367,A,RB,14.6,25.1,0,0,ABX,618,23689.64378,23689.64378,1,TRUE,11:15,315,EC,1.031929738,Y,6,36,0,1,0,1,1,1,0,1,0,1,2,4,1,1,0,0,0,AA
Sample_217,Sample_217,Sample.217.FUN417,217,FUN417,417,417,Sample.164.417,164,6921,Z691495,LB/GX,417,09/02/2019,F,F,2019,09-Apr-19,59,29/06/2020,0.121,10727,70,4,CN,171,Minor19,Minor,11/07/2018,M,213,SA,RB,14.3,26.4,0,0,ABX,70,6841.646482,6841.646482,1,TRUE,09:20,200,TJB,0.884511204,Y,2,4,0,0,0,1,1,0,0,0,0,0,5,25,1,1,0,0,1,AA
Sample_164,Sample_164,Sample.164.FUN344,164,FUN344,344,344,Sample.70.344,70,6922,Z691496,LW/VX,344,15/09/2018,F,F,2018,25-Sep-18,10,22/02/2019,0.224,10525,602,2,CN,167,Major18,Major,02/08/2018,F,44,FL,G,14.5,25,0,0,FL,602,57427.75996,57427.75996,1,TRUE,16:12,612,CD,1.253057539,Y,6,36,0,1,0,1,1,1,0,1,0,1,2,4,1,1,0,0,0,AA
Sample_163,Sample_163,Sample.163.FUN342,163,FUN342,342,342,Sample.237.342,237,6923,Z691494,VY/SX,342,15/09/2018,F,F,2018,25-Sep-18,10,17/05/2019,0.0536,10526,617,3,CN,167,Major18,Major,22/07/2018,M,55,FL,G,15.6,26.4,0,0,FL,617,8004.971558,8004.971558,1,TRUE,10:33,273,CD,0.73709267,Y,6,36,0,0,1,1,1,0,0,1,0,0,3,9,1,1,1,0,0,AA
Sample_266,Sample_266,Sample.266.FUN560,266,FUN560,560,560,Sample.6.560,6,6924,Z691478,EY/BX,560,19/08/2019,F,F,2019,25-Sep-19,37,15/07/2020,0.026,10877,739,4,CN,173,Major19,Major,08/07/2018,F,407,A,RB,15.5,24.6,0,0,ABX,13,16268.71148,16268.71148,1,TRUE,12:00,360,MJB,1.179348272,Y,2,4,0,0,0,1,1,0,0,0,0,0,3,9,1,1,0,0,1,AA
Sample_138,Sample_138,Sample.138.FUN294,138,FUN294,294,294,Sample.236.294,236,6925,Z691479,NG/GX,294,03/09/2018,F,F,2018,25-Sep-18,22,07/03/2019,0.115,10538,738,3,CN,167,Major18,Major,03/12/2017,F,274,SA,LB,14.6,24,0,0,ABX,738,12291.87718,12291.87718,1,TRUE,11:25,325,TJB,1.105639005,N,NA,NA,NA,NA,NA,NA,NA,NA,NA,NA,NA,NA,3,9,1,1,1,0,0,AA
Sample_236,Sample_236,Sample.236.FUN443,236,FUN443,443,443,Sample.48.443,48,6926,Z691490,EG/XZ,443,25/02/2019,F,F,2019,09-Apr-19,43,29/06/2020,0.001,10775,481,4,CN,171,Minor19,Minor,26/07/2018,F,214,SA,RB,NA,25.8,-1,-1,ABX,20,2813.465118,2813.465118,1,TRUE,16:20,620,TC,0.884511204,Y,6,36,0,1,0,1,1,1,0,1,0,1,4,16,1,1,1,1,0,AA
Sample_150,Sample_150,Sample.150.FUN321,150,FUN321,321,321,Sample.84.321,84,6927,Z691488,AR/NX,321,10/09/2018,F,F,2018,25-Sep-18,15,08/03/2019,0.17,10540,479,2,CN,167,Major18,Major,14/07/2018,M,58,FL,G,16.7,27.1,0,0,FL,479,17837.56272,17837.56272,1,TRUE,09:05,185,AVE,0.810801937,Y,6,36,1,0,0,1,1,1,1,0,1,0,2,4,1,1,0,0,0,AA
Sample_192,Sample_192,Sample.192.FUN386,192,FUN386,386,386,Sample.194.386,194,7068,Z691159,OO/GX,386,31/01/2019,F,F,2019,09-Apr-19,68,07/07/2020,0.0948,10710,81,4,CN,171,Minor19,Minor,16/09/2018,M,137,OFL,G,15.1,26.2,0,0,OFL,81,7213.188119,7213.188119,1,TRUE,10:10,250,TJB,1.179348272,NA,NA,NA,NA,NA,NA,NA,NA,NA,NA,NA,NA,NA,NA,NA,NA,NA,NA,NA,NA,NA
Sample_178,Sample_178,Sample.178.FUN368,178,FUN368,368,368,Sample.174.368,174,7069,Z691153,YL/OX,368,25/01/2019,F,F,2019,09-Apr-19,74,12/06/2020,0.001,10711,86,4,CN,171,Minor19,Minor,10/09/2018,M,137,SA,LB,15.7,26.3,0,0,OFL,86,872.5929648,872.5929648,1,TRUE,13:45,465,TJB,0.884511204,NA,NA,NA,NA,NA,NA,NA,NA,NA,NA,NA,NA,NA,NA,NA,NA,NA,NA,NA,NA,NA
Sample_289,Sample_289,Sample.289.FUN609,289,FUN609,609,609,Sample.209.609,209,7070,Z691155,OE/XZ,609,12/09/2019,F,F,2019,25-Sep-19,13,24/06/2020,0.0632,10889,740,4,CN,173,Major19,Major,05/12/2018,M,281,SA,LB,16.5,25.5,0,0,FLOAT,-3,NA,NA,0,FALSE,16:42,642,TC,1.253057539,NA,NA,NA,NA,NA,NA,NA,NA,NA,NA,NA,NA,NA,NA,NA,NA,NA,NA,NA,NA,NA
Sample_191,Sample_191,Sample.191.FUN384,191,FUN384,384,384,Sample.163.384,163,7071,Z691158,GB/BX,384,30/01/2019,F,F,2019,09-Apr-19,69,24/06/2020,0.432,10713,24,4,CN,171,Minor19,Minor,15/09/2018,M,137,SA,LB,15,25.8,0,0,ABX,24,2362.28896,2362.28896,1,TRUE,11:00,300,TJB,1.031929738,NA,NA,NA,NA,NA,NA,NA,NA,NA,NA,NA,NA,NA,NA,NA,NA,NA,NA,NA,NA,NA
Sample_184,Sample_184,Sample.184.FUN376,184,FUN376,376,376,Sample.51.376,51,7072,Z691156,LY/GX,376,29/01/2019,F,F,2019,09-Apr-19,70,09/07/2020,0.0496,10714,71,4,CN,171,Minor19,Minor,14/09/2018,F,137,OFL,G,13.7,24.3,0,0,OFL,71,9215.968752,9215.968752,1,TRUE,15:30,570,TC,1.400476073,NA,NA,NA,NA,NA,NA,NA,NA,NA,NA,NA,NA,NA,NA,NA,NA,NA,NA,NA,NA,NA
Sample_189,Sample_189,Sample.189.FUN380,189,FUN380,380,380,Sample.109.380,109,7073,Z691157,LW/OX,380,30/01/2019,F,F,2019,09-Apr-19,69,08/07/2020,0.0308,10715,126,4,CN,171,Minor19,Minor,15/09/2018,F,137,OFL,G,13.2,23.8,0,0,OFL,126,20817.62823,20817.62823,1,TRUE,08:35,155,TC,1.105639005,NA,NA,NA,NA,NA,NA,NA,NA,NA,NA,NA,NA,NA,NA,NA,NA,NA,NA,NA,NA,NA
Sample_241,Sample_241,Sample.241.FUN450,241,FUN450,450,450,Sample.128.450,128,7074,Z691154,OE/BX,450,26/02/2019,F,F,2019,09-Apr-19,42,16/07/2020,0.104,10773,16,4,CN,171,Minor19,Minor,13/09/2018,M,166,OFL,G,16.1,26.4,0,0,OFL,16,18019.18855,18019.18855,0,FALSE,12:00,360,TC,1.031929738,NA,NA,NA,NA,NA,NA,NA,NA,NA,NA,NA,NA,NA,NA,NA,NA,NA,NA,NA,NA,NA
Sample_219,Sample_219,Sample.219.FUN419,219,FUN419,419,419,Sample.193.419,193,7075,Z691168,WN/MX,419,09/02/2019,F,F,2019,09-Apr-19,59,06/07/2020,0.0396,10743,154,4,CN,171,Minor19,Minor,11/05/2018,M,274,SA,LB,15.7,25.5,0,0,ABX,154,2071.488038,2071.488038,1,TRUE,15:00,540,TJB,0.613919973,NA,NA,NA,NA,NA,NA,NA,NA,NA,NA,NA,NA,NA,NA,NA,NA,NA,NA,NA,NA,NA
Sample_220,Sample_220,Sample.220.FUN420,220,FUN420,420,420,Sample.214.420,214,7076,Z691171,VN/MX,420,11/02/2019,F,F,2019,09-Apr-19,57,08/07/2020,0.0712,10744,637,4,CN,171,Minor19,Minor,18/12/2018,F,55,FL,G,NA,24.4,0,0,FL,637,10633.01065,10633.01065,1,TRUE,15:45,585,TC,1.031929738,NA,NA,NA,NA,NA,NA,NA,NA,NA,NA,NA,NA,NA,NA,NA,NA,NA,NA,NA,NA,NA
Sample_214,Sample_214,Sample.214.FUN412,214,FUN412,412,412,Sample.92.412,92,7077,Z691167,BL/GX,412,09/02/2019,F,F,2019,09-Apr-19,59,07/07/2020,0.001,10745,72,4,CN,171,Minor19,Minor,25/09/2018,F,137,OFL,G,14.1,23.8,0,0,OFL,72,3321.593072,3321.593072,0,FALSE,08:45,165,TJB,0.884511204,NA,NA,NA,NA,NA,NA,NA,NA,NA,NA,NA,NA,NA,NA,NA,NA,NA,NA,NA,NA,NA
Sample_225,Sample_225,Sample.225.FUN425,225,FUN425,425,425,Sample.52.425,52,7079,Z691172,LE/BX,425,14/02/2019,F,F,2019,09-Apr-19,54,09/07/2020,1.46,10747,516,4,CN,171,Minor19,Minor,30/09/2018,F,137,OFL,LB,13.2,24.6,0,0,OFL,516,7213.318755,7213.318755,1,TRUE,10:40,280,TC,1.400476073,NA,NA,NA,NA,NA,NA,NA,NA,NA,NA,NA,NA,NA,NA,NA,NA,NA,NA,NA,NA,NA
Sample_216,Sample_216,Sample.216.FUN414,216,FUN414,414,414,Sample.130.414,130,7080,Z691173,WG/GX,414,15/02/2019,F,F,2019,09-Apr-19,53,20/07/2020,0.0236,10748,137,4,CN,171,Minor19,Minor,01/10/2018,M,137,OFL,LB,16.3,27.3,0,0,OFL,137,9656.404586,9656.404586,0,FALSE,08:03,123,TJB,1.326766806,NA,NA,NA,NA,NA,NA,NA,NA,NA,NA,NA,NA,NA,NA,NA,NA,NA,NA,NA,NA,NA
Sample_204,Sample_204,Sample.204.FUN401,204,FUN401,401,401,Sample.165.401,165,7081,Z691164,YY/XZ,401,05/02/2019,F,F,2019,09-Apr-19,63,15/07/2020,0.0416,10749,157,4,CN,171,Minor19,Minor,07/05/2018,M,274,SA,LB,14.8,26,0,0,OFL,157,9107.408118,9107.408118,1,TRUE,16:10,610,TJB,0.884511204,NA,NA,NA,NA,NA,NA,NA,NA,NA,NA,NA,NA,NA,NA,NA,NA,NA,NA,NA,NA,AC
Sample_202,Sample_202,Sample.202.FUN399,202,FUN399,399,399,Sample.133.399,133,7082,Z691163,LB/BX,399,05/02/2019,F,F,2019,09-Apr-19,63,06/07/2020,0.0292,10750,605,4,CN,171,Minor19,Minor,07/05/2018,F,274,SA,LB,13.3,23.9,0,0,OFL,605,4967.676627,4967.676627,1,TRUE,09:35,215,TJB,1.253057539,NA,NA,NA,NA,NA,NA,NA,NA,NA,NA,NA,NA,NA,NA,NA,NA,NA,NA,NA,NA,NA
Sample_197,Sample_197,Sample.197.FUN393,197,FUN393,393,393,Sample.63.393,63,7083,Z691162,AS/SX,393,05/02/2019,F,F,2019,09-Apr-19,63,30/06/2020,0.129,10751,26,4,CN,171,Minor19,Minor,07/05/2018,F,274,SA,LB,13.5,24.5,0,0,ABX,26,1818.713791,1818.713791,1,TRUE,08:30,150,TJB,1.105639005,NA,NA,NA,NA,NA,NA,NA,NA,NA,NA,NA,NA,NA,NA,NA,NA,NA,NA,NA,NA,NA
Sample_201,Sample_201,Sample.201.FUN398,201,FUN398,398,398,Sample.121.398,121,7084,Z691161,EG/OX,398,04/02/2019,F,F,2019,09-Apr-19,64,24/06/2020,0.197,10752,3,4,CN,171,Minor19,Minor,06/05/2018,M,274,SA,LB,15.7,26.5,0,0,OFL,3,2298.47109,2298.47109,1,TRUE,15:45,585,TC,1.253057539,NA,NA,NA,NA,NA,NA,NA,NA,NA,NA,NA,NA,NA,NA,NA,NA,NA,NA,NA,NA,NA
Sample_213,Sample_213,Sample.213.FUN410,213,FUN410,410,410,Sample.61.410,61,7086,Z691166,LL/LX,410,08/02/2019,F,F,2019,09-Apr-19,60,18/06/2020,0.169,10754,2,4,CN,171,Minor19,Minor,10/05/2018,F,274,SA,RB,14.1,24.9,0,0,ABX,2,9431.586588,9431.586588,1,TRUE,17:00,660,TC,1.105639005,NA,NA,NA,NA,NA,NA,NA,NA,NA,NA,NA,NA,NA,NA,NA,NA,NA,NA,NA,NA,NA
Sample_196,Sample_196,Sample.196.FUN390,196,FUN390,390,390,Sample.26.390,26,7087,Z691160,OL/LX,390,02/02/2019,F,F,2019,09-Apr-19,66,21/07/2020,0.186,10755,154,4,CN,171,Minor19,Minor,09/12/2018,F,55,FL,G,13.4,24.8,0,0,FL,154,2071.488038,2071.488038,1,TRUE,15:20,560,TJB,1.326766806,NA,NA,NA,NA,NA,NA,NA,NA,NA,NA,NA,NA,NA,NA,NA,NA,NA,NA,NA,NA,NA
Sample_210,Sample_210,Sample.210.FUN407,210,FUN407,407,407,Sample.20.407,20,7088,Z691165,NE/GX,407,08/02/2019,F,F,2019,09-Apr-19,60,07/07/2020,0.272,10756,118,4,CN,171,Minor19,Minor,10/05/2018,F,274,SA,LB,14,24,0,0,OFL,118,40253.34804,40253.34804,1,TRUE,09:30,210,TJB,0.958220471,NA,NA,NA,NA,NA,NA,NA,NA,NA,NA,NA,NA,NA,NA,NA,NA,NA,NA,NA,NA,NA
Sample_230,Sample_230,Sample.230.FUN435,230,FUN435,435,435,Sample.173.435,173,7089,Z691176,GB/YX,435,21/02/2019,F,F,2019,09-Apr-19,47,10/06/2020,0.0748,10757,53,4,CN,171,Minor19,Minor,07/10/2018,M,137,OFL,G,14.2,23.8,0,0,OFL,53,10026.46748,10026.46748,0,FALSE,15:40,580,TJB,1.47418534,NA,NA,NA,NA,NA,NA,NA,NA,NA,NA,NA,NA,NA,NA,NA,NA,NA,NA,NA,NA,NA
Sample_258,Sample_258,Sample.258.FUN550,258,FUN550,550,550,Sample.116.550,116,7090,Z691175,OY/YX,550,02/07/2019,F,F,2019,25-Sep-19,85,20/07/2020,0.001,10847,47,4,CN,173,Major19,Major,23/05/2018,F,405,A,RB,15.2,24.1,0,0,H,47,22999.12616,22999.12616,0,FALSE,15:06,546,MJB,0.958220471,NA,NA,NA,NA,NA,NA,NA,NA,NA,NA,NA,NA,NA,NA,NA,NA,NA,NA,NA,NA,NA
Sample_227,Sample_227,Sample.227.FUN429,227,FUN429,429,429,Sample.97.429,97,7091,Z691174,OE/LX,429,17/02/2019,F,F,2019,09-Apr-19,51,16/07/2020,0.05,10763,58,4,CN,171,Minor19,Minor,03/10/2018,F,137,OFL,G,18.6,25.4,0,0,OFL,58,9267.417085,9267.417085,1,TRUE,17:30,690,TJB,0.958220471,NA,NA,NA,NA,NA,NA,NA,NA,NA,NA,NA,NA,NA,NA,NA,NA,NA,NA,NA,NA,NA
Sample_231,Sample_231,Sample.231.FUN436,231,FUN436,436,436,Sample.188.436,188,7094,Z691177,WO/MX,436,25/02/2019,F,F,2019,09-Apr-19,43,12/06/2020,0.135,10769,111,4,CN,171,Minor19,Minor,27/05/2018,F,274,SA,LB,14.1,25,0,0,ABX,111,4438.598872,4438.598872,1,TRUE,11:35,335,TJB,1.031929738,NA,NA,NA,NA,NA,NA,NA,NA,NA,NA,NA,NA,NA,NA,NA,NA,NA,NA,NA,NA,NA
Sample_244,Sample_244,Sample.244.FUN453R,244,FUN453R,453R,453R,Sample.14.453R,14,7096,Z691181,EY/XZ,453,02/03/2019,F,F,2019,09-Apr-19,38,12/06/2020,0.09,10777,53,4,CN,171,Minor19,Minor,16/10/2018,F,137,SA,LB,12.8,24,0,0,ABX,53,10026.46748,10026.46748,1,TRUE,09:36,216,TJB,1.179348272,NA,NA,NA,NA,NA,NA,NA,NA,NA,NA,NA,NA,NA,NA,NA,NA,NA,NA,NA,NA,NA
Sample_245,Sample_245,Sample.245.FUN453,245,FUN453,453,453,Sample.161.453,161,7096,Z691181,EY/XZ,453,02/03/2019,F,F,2019,09-Apr-19,38,12/06/2020,0.09,10777,53,4,CN,171,Minor19,Minor,16/10/2018,F,137,SA,LB,12.8,24,0,0,ABX,53,10026.46748,10026.46748,1,TRUE,09:36,216,TJB,1.179348272,NA,NA,NA,NA,NA,NA,NA,NA,NA,NA,NA,NA,NA,NA,NA,NA,NA,NA,NA,NA,NA
Sample_243,Sample_243,Sample.243.FUN452,243,FUN452,452,452,Sample.146.452,146,7097,Z691180,MU/MX,452,01/03/2019,F,F,2019,09-Apr-19,39,10/06/2020,0.404,10778,45,4,CN,171,Minor19,Minor,15/10/2018,M,137,OFL,G,15.9,27.5,0,0,OFL,45,9023.521966,9023.521966,0,FALSE,14:45,525,TC,1.031929738,NA,NA,NA,NA,NA,NA,NA,NA,NA,NA,NA,NA,NA,NA,NA,NA,NA,NA,NA,NA,NA
Sample_242,Sample_242,Sample.242.FUN451,242,FUN451,451,451,Sample.139.451,139,7099,Z691183,NY/GX,451,27/06/2019,F,F,2019,25-Sep-19,90,15/07/2020,0.001,10843,43,4,CN,173,Major19,Major,26/09/2018,F,274,SA,LB,14.6,24,0,0,OFL,43,12941.38551,12941.38551,1,TRUE,15:06,546,CBC,1.031929738,NA,NA,NA,NA,NA,NA,NA,NA,NA,NA,NA,NA,NA,NA,NA,NA,NA,NA,NA,NA,NA
Sample_257,Sample_257,Sample.257.FUN549,257,FUN549,549,549,Sample.99.549,99,7100,Z691184,BN/GX,549,02/07/2019,F,F,2019,25-Sep-19,85,21/07/2020,0.001,10848,47,4,CN,173,Major19,Major,01/07/2018,F,366,A,RB,14,23.1,0,0,BrF,47,22999.12616,22999.12616,0,FALSE,14:55,535,CBC,0.884511204,NA,NA,NA,NA,NA,NA,NA,NA,NA,NA,NA,NA,NA,NA,NA,NA,NA,NA,NA,NA,NA
Sample_263,Sample_263,Sample.263.FUN556,263,FUN556,556,556,Sample.200.556,200,7101,Z691187,WV/WX,556,11/07/2019,F,F,2019,25-Sep-19,76,16/07/2020,0.0396,10860,173,4,CN,173,Major19,Major,10/07/2018,M,366,A,RB,15.6,26.7,0,0,OFL,173,25774.63657,25774.63657,1,TRUE,09:26,206,CBC,0.884511204,NA,NA,NA,NA,NA,NA,NA,NA,NA,NA,NA,NA,NA,NA,NA,NA,NA,NA,NA,NA,NA
Sample_254,Sample_254,Sample.254.FUN546,254,FUN546,546,546,Sample.54.546,54,7102,Z691186,WW/GX,546,09/07/2019,F,F,2019,25-Sep-19,78,15/07/2020,0.0448,10861,616,4,CN,173,Major19,Major,08/10/2018,M,274,SA,LB,15.4,25.7,0,0,OFL,616,4431.095525,4431.095525,1,TRUE,15:47,587,CBC,1.031929738,NA,NA,NA,NA,NA,NA,NA,NA,NA,NA,NA,NA,NA,NA,NA,NA,NA,NA,NA,NA,NA
Sample_256,Sample_256,Sample.256.FUN548,256,FUN548,548,548,Sample.76.548,76,7103,Z691185,BG/AX,548,07/07/2019,F,F,2019,25-Sep-19,80,10/06/2020,0.0376,10862,636,4,CN,173,Major19,Major,06/10/2018,F,274,SA,LB,14.7,25,0,0,H,636,10977.62991,10977.62991,0,FALSE,15:00,540,MJB,1.031929738,NA,NA,NA,NA,NA,NA,NA,NA,NA,NA,NA,NA,NA,NA,NA,NA,NA,NA,NA,NA,NA
Sample_281,Sample_281,Sample.281.FUN580,281,FUN580,580,580,Sample.60.580,60,7104,S115462,NN/XZ,580,14/09/2019,F,F,2019,25-Sep-19,11,12/06/2020,0.028,10886,112,4,CN,173,Major19,Major,13/09/2018,F,366,A,RB,15.7,25.9,0,0,ABX,112,6294.222198,6294.222198,0,FALSE,15:37,577,TC,0.958220471,NA,NA,NA,NA,NA,NA,NA,NA,NA,NA,NA,NA,NA,NA,NA,NA,NA,NA,NA,NA,NA
Sample_280,Sample_280,Sample.280.FUN579,280,FUN579,579,579,Sample.55.579,55,7106,S115461,AL/EX,579,14/09/2019,F,F,2019,25-Sep-19,11,15/07/2020,0.036,10888,637,4,CN,173,Major19,Major,21/07/2019,F,55,FL,G,14.6,24.2,0,0,FL,637,17835.7493,17835.7493,1,TRUE,11:07,307,EC,0.73709267,NA,NA,NA,NA,NA,NA,NA,NA,NA,NA,NA,NA,NA,NA,NA,NA,NA,NA,NA,NA,NA
Sample_286,Sample_286,Sample.286.FUN595,286,FUN595,595,595,Sample.145.595,145,7108,S115463,ON/GX,595,16/09/2019,F,F,2019,25-Sep-19,9,27/07/2020,0.312,10892,57,4,CN,173,Major19,Major,23/07/2019,M,55,FL,G,17.1,25.6,0,0,SEEN1,57,15509.85891,15509.85891,1,TRUE,17:30,690,TC,0.73709267,NA,NA,NA,NA,NA,NA,NA,NA,NA,NA,NA,NA,NA,NA,NA,NA,NA,NA,NA,NA,NA
Sample_271,Sample_271,Sample.271.FUN569,271,FUN569,569,569,Sample.144.569,144,7109,Z691189,OY/MX,569,18/09/2019,F,F,2019,25-Sep-19,7,21/07/2020,0.0696,10893,177,4,CN,173,Major19,Major,18/12/2018,F,274,SA,LB,NA,24.6,0,0,SEEN1,177,66132.96706,66132.96706,1,TRUE,10:07,247,TC,1.253057539,NA,NA,NA,NA,NA,NA,NA,NA,NA,NA,NA,NA,NA,NA,NA,NA,NA,NA,NA,NA,NA
Sample_292,Sample_292,Sample.292.FUN630,292,FUN630,630,630,Sample.43.630,43,7110,Z691188,NN/WX,630,16/09/2019,F,F,2019,25-Sep-19,9,27/07/2020,0.11,10894,95,4,CN,173,Major19,Major,15/09/2018,F,366,A,RB,NA,24.1,0,0,BrM,95,45657.07931,45657.07931,1,TRUE,09:10,190,TC,1.031929738,NA,NA,NA,NA,NA,NA,NA,NA,NA,NA,NA,NA,NA,NA,NA,NA,NA,NA,NA,NA,NA
Sample_285,Sample_285,Sample.285.FUN594,285,FUN594,594,594,Sample.3.594,3,7111,S115465,NG/AX,594,20/09/2019,F,F,2019,25-Sep-19,5,29/06/2020,0.001,10895,20,4,CN,173,Major19,Major,27/07/2019,F,55,FL,G,16.1,24.1,0,0,FL,20,18899.18162,18899.18162,1,TRUE,14:51,531,TC,0.810801937,NA,NA,NA,NA,NA,NA,NA,NA,NA,NA,NA,NA,NA,NA,NA,NA,NA,NA,NA,NA,NA
Sample_239,Sample_239,Sample.239.FUN442,239,FUN442,442,442,Sample.197.442,197,NA,NA,NA,446,27/06/2019,C,Collection control,2019,25-Sep-19,90,15/07/2020,0.001,NA,NA,4,CN,173,Major19,Major,NA,NA,NA,NA,NA,NA,NA,NA,NA,NA,NA,NA,NA,NA,NA,NA,NA,CBC,NA,N,NA,NA,NA,NA,NA,NA,NA,NA,NA,NA,NA,NA,NA,NA,NA,NA,NA,NA,NA,NA
Sample_296,Sample_296,Sample.296.FUNB1,296,FUNB1,B1,B1,Sample.108.B1,108,NA,NA,NA,674,13/03/2020,C,Extraction control,NA,NA,NA,07/07/2020,0.001,NA,NA,4,NA,NA,Minor20,Minor,NA,NA,NA,NA,NA,NA,NA,NA,NA,NA,NA,NA,NA,NA,NA,NA,NA,SW,NA,N,NA,NA,NA,NA,NA,NA,NA,NA,NA,NA,NA,NA,NA,NA,NA,NA,NA,NA,NA,NA
Sample_265,Sample_265,Sample.265.FUN559,265,FUN559,559,559,Sample.16.559,16,NA,NA,NA,559,19/07/2019,C,Collection control,2019,25-Sep-19,68,18/06/2020,0.001,NA,NA,4,CN,173,Major19,Major,NA,NA,NA,NA,NA,NA,NA,NA,NA,NA,NA,NA,NA,NA,NA,NA,NA,EC,NA,N,NA,NA,NA,NA,NA,NA,NA,NA,NA,NA,NA,NA,NA,NA,NA,NA,NA,NA,NA,NA
Sample_226,Sample_226,Sample.226.FUNE,226,FUNE,E,E,Sample.1.E,1,NA,NA,NA,427,01/01/1981,C,Extraction control,NA,NA,NA,26/01/2018,0.001,NA,NA,1,NA,NA,1,1,NA,NA,NA,NA,NA,NA,NA,NA,NA,NA,NA,NA,NA,NA,NA,NA,NA,,NA,N,NA,NA,NA,NA,NA,NA,NA,NA,NA,NA,NA,NA,NA,NA,NA,NA,NA,NA,NA,NA
Sample_94,Sample_94,Sample.94.FUNneg1,94,FUNneg1,NA,NA,NA,NA,NA,,,NA,NA,C,PCRNegative,NA,NA,NA,,NA,NA,NA,NA,NA,NA,NA,NA,NA,NA,NA,NA,NA,NA,NA,NA,NA,NA,NA,NA,NA,NA,NA,NA,NA,NA,NA,N,NA,NA,NA,NA,NA,NA,NA,NA,NA,NA,NA,NA,NA,NA,NA,NA,NA,NA,NA,NA
Sample_297,Sample_297,Sample.297.FUNB4,297,FUNB4,B4,B4,Sample.157.B4,157,NA,NA,NA,677,13/03/2020,C,Extraction control,NA,NA,NA,27/07/2020,0.001,NA,NA,4,NA,NA,Minor20,Minor,NA,NA,NA,NA,NA,NA,NA,NA,NA,NA,NA,NA,NA,NA,NA,NA,NA,SW,NA,N,NA,NA,NA,NA,NA,NA,NA,NA,NA,NA,NA,NA,NA,NA,NA,NA,NA,NA,NA,NA
Sample_283,Sample_283,Sample.283.FUN588,283,FUN588,588,588,Sample.42.588,42,NA,NA,NA,588,19/09/2019,C,Collection control,2019,25-Sep-19,6,27/07/2020,0.001,NA,NA,4,CN,173,Major19,Major,NA,NA,NA,NA,NA,NA,NA,NA,NA,NA,NA,NA,NA,NA,NA,NA,NA,MJB,NA,N,NA,NA,NA,NA,NA,NA,NA,NA,NA,NA,NA,NA,NA,NA,NA,NA,NA,NA,NA,NA
Sample_50,Sample_50,Sample.50.FUN128,50,FUN128,128,128,Sample.155.128,155,NA,NA,NA,128,01/01/1981,C,Collection control,NA,NA,NA,26/01/2018,0.0336,NA,NA,2,CN,NA,1,1,NA,NA,NA,NA,NA,NA,NA,NA,NA,NA,NA,NA,NA,NA,NA,NA,NA,,NA,N,NA,NA,NA,NA,NA,NA,NA,NA,NA,NA,NA,NA,NA,NA,NA,NA,NA,NA,NA,NA
Sample_181,Sample_181,Sample.181.FUN371,181,FUN371,371,371,Sample.182.371,182,NA,NA,NA,371,01/01/1981,C,Extraction control,NA,NA,NA,27/02/2019,0.001,NA,NA,3,NA,NA,1,1,NA,NA,NA,NA,NA,NA,NA,NA,NA,NA,NA,NA,NA,NA,NA,NA,NA,,NA,N,NA,NA,NA,NA,NA,NA,NA,NA,NA,NA,NA,NA,NA,NA,NA,NA,NA,NA,NA,NA
Sample_188,Sample_188,Sample.188.FUNneg2,188,FUNneg2,NA,NA,NA,NA,NA,,,NA,NA,C,PCRNegative,NA,NA,NA,,NA,NA,NA,NA,NA,NA,NA,NA,NA,NA,NA,NA,NA,NA,NA,NA,NA,NA,NA,NA,NA,NA,NA,NA,NA,NA,NA,N,NA,NA,NA,NA,NA,NA,NA,NA,NA,NA,NA,NA,NA,NA,NA,NA,NA,NA,NA,NA
Sample_299,Sample_299,Sample.299.FUNMock1,299,FUNMock1,F1,NA,NA,NA,NA,,,NA,NA,C,Positive control,NA,NA,NA,,0.001,NA,NA,NA,NA,NA,NA,NA,NA,NA,NA,NA,NA,NA,NA,NA,NA,NA,NA,NA,NA,NA,NA,NA,NA,NA,NA,N,NA,NA,NA,NA,NA,NA,NA,NA,NA,NA,NA,NA,NA,NA,NA,NA,NA,NA,NA,NA
Sample_282,Sample_282,Sample.282.FUNneg3,282,FUNneg3,NA,NA,NA,NA,NA,,,NA,NA,C,PCRNegative,NA,NA,NA,,NA,NA,NA,NA,NA,NA,NA,NA,NA,NA,NA,NA,NA,NA,NA,NA,NA,NA,NA,NA,NA,NA,NA,NA,NA,NA,NA,N,NA,NA,NA,NA,NA,NA,NA,NA,NA,NA,NA,NA,NA,NA,NA,NA,NA,NA,NA,NA
Sample_47,Sample_47,Sample.47.FUN121,47,FUN121,121,121,Sample.108.121,108,NA,NA,NA,121,01/01/1981,C,Collection control,NA,NA,NA,26/01/2018,0.001,NA,NA,1,CN,NA,1,1,NA,NA,NA,NA,NA,NA,NA,NA,NA,NA,NA,NA,NA,NA,NA,NA,NA,,NA,N,NA,NA,NA,NA,NA,NA,NA,NA,NA,NA,NA,NA,NA,NA,NA,NA,NA,NA,NA,NA
Sample_284,Sample_284,Sample.284.FUN590,284,FUN590,590,590,Sample.58.590,58,NA,NA,NA,590,21/09/2019,C,Collection control,2019,25-Sep-19,4,27/07/2020,0.001,NA,NA,4,CN,173,Major19,Major,NA,NA,NA,NA,NA,NA,NA,NA,NA,NA,NA,NA,NA,NA,NA,NA,NA,MJB,NA,N,NA,NA,NA,NA,NA,NA,NA,NA,NA,NA,NA,NA,NA,NA,NA,NA,NA,NA,NA,NA
Sample_31,Sample_31,Sample.31.FUN82,31,FUN82,82,82,Sample.72.82,72,NA,NA,NA,82,01/01/1981,C,Collection control,NA,NA,NA,23/01/2018,0.0484,NA,NA,1,CN,NA,1,1,NA,NA,NA,NA,NA,NA,NA,NA,NA,NA,NA,NA,NA,NA,NA,NA,NA,,NA,N,NA,NA,NA,NA,NA,NA,NA,NA,NA,NA,NA,NA,NA,NA,NA,NA,NA,NA,NA,NA
Sample_298,Sample_298,Sample.298.FUNZymo1,298,FUNZymo1,Z1,Z1,Sample.103.Z1,103,NA,NA,NA,678,13/03/2020,C,Positive control,NA,NA,NA,20/08/2020,0.7,NA,NA,4,NA,NA,Minor20,Minor,NA,NA,NA,NA,NA,NA,NA,NA,NA,NA,NA,NA,NA,NA,NA,NA,NA,SW,NA,N,NA,NA,NA,NA,NA,NA,NA,NA,NA,NA,NA,NA,NA,NA,NA,NA,NA,NA,NA,NA
Sample_198,Sample_198,Sample.198.FUN394,198,FUN394,394,394,Sample.2.394,2,NA,NA,NA,394,01/01/1981,C,Extraction control,NA,NA,NA,05/04/2019,0.001,NA,NA,2,NA,NA,1,1,NA,NA,NA,NA,NA,NA,NA,NA,NA,NA,NA,NA,NA,NA,NA,NA,NA,,NA,N,NA,NA,NA,NA,NA,NA,NA,NA,NA,NA,NA,NA,NA,NA,NA,NA,NA,NA,NA,NA
Sample_300,Sample_300,Sample.300.FUNneg4,300,FUNneg4,NA,NA,NA,NA,NA,,,NA,NA,C,PCRNegative,NA,NA,NA,,NA,NA,NA,NA,NA,NA,NA,NA,NA,NA,NA,NA,NA,NA,NA,NA,NA,NA,NA,NA,NA,NA,NA,NA,NA,NA,NA,N,NA,NA,NA,NA,NA,NA,NA,NA,NA,NA,NA,NA,NA,NA,NA,NA,NA,NA,NA,NA